[25-Aug-2026 17:19:43 UTC] PHP Deprecated:  Function get_magic_quotes_gpc() is deprecated in /Users/sachin/wardtwenty_four/wp-includes/load.php on line 651
[25-Aug-2026 17:19:43 UTC] PHP Notice:  Trying to access array offset on value of type bool in /Users/sachin/wardtwenty_four/wp-includes/theme.php on line 2241
[25-Aug-2026 17:19:43 UTC] PHP Deprecated:  Function get_magic_quotes_gpc() is deprecated in /Users/sachin/wardtwenty_four/wp-includes/formatting.php on line 4387
[25-Aug-2026 17:19:43 UTC] PHP Deprecated:  Function get_magic_quotes_gpc() is deprecated in /Users/sachin/wardtwenty_four/wp-includes/formatting.php on line 4387
[25-Aug-2026 17:19:43 UTC] PHP Notice:  compact(): Undefined variable: context in /Users/sachin/wardtwenty_four/wp-includes/post.php on line 3482
[25-Aug-2026 17:19:43 UTC] PHP Notice:  compact(): Undefined variable: ID in /Users/sachin/wardtwenty_four/wp-includes/post.php on line 3482
[25-Aug-2026 17:19:43 UTC] PHP Notice:  compact(): Undefined variable: filter in /Users/sachin/wardtwenty_four/wp-includes/post.php on line 3482
[25-Aug-2026 17:19:43 UTC] PHP Deprecated:  Function get_magic_quotes_gpc() is deprecated in /Users/sachin/wardtwenty_four/wp-includes/formatting.php on line 2448
[25-Aug-2026 17:19:46 UTC] PHP Deprecated:  Function get_magic_quotes_gpc() is deprecated in /Users/sachin/wardtwenty_four/wp-includes/load.php on line 651
[25-Aug-2026 17:19:46 UTC] PHP Notice:  Trying to access array offset on value of type bool in /Users/sachin/wardtwenty_four/wp-includes/theme.php on line 2241
[25-Aug-2026 17:19:46 UTC] PHP Deprecated:  Function get_magic_quotes_gpc() is deprecated in /Users/sachin/wardtwenty_four/wp-includes/formatting.php on line 4387
[25-Aug-2026 17:19:46 UTC] PHP Deprecated:  Function get_magic_quotes_gpc() is deprecated in /Users/sachin/wardtwenty_four/wp-includes/formatting.php on line 4387
[25-Aug-2026 17:19:46 UTC] PHP Deprecated:  Function get_magic_quotes_gpc() is deprecated in /Users/sachin/wardtwenty_four/wp-includes/formatting.php on line 4387
[25-Aug-2026 17:19:46 UTC] PHP Deprecated:  Function get_magic_quotes_gpc() is deprecated in /Users/sachin/wardtwenty_four/wp-includes/formatting.php on line 4387
[25-Aug-2026 17:19:46 UTC] PHP Deprecated:  Function get_magic_quotes_gpc() is deprecated in /Users/sachin/wardtwenty_four/wp-includes/formatting.php on line 4387
[25-Aug-2026 17:19:46 UTC] PHP Deprecated:  Function get_magic_quotes_gpc() is deprecated in /Users/sachin/wardtwenty_four/wp-includes/formatting.php on line 4387
[25-Aug-2026 17:19:46 UTC] PHP Deprecated:  Function get_magic_quotes_gpc() is deprecated in /Users/sachin/wardtwenty_four/wp-includes/formatting.php on line 4387
[25-Aug-2026 17:19:46 UTC] PHP Deprecated:  Function get_magic_quotes_gpc() is deprecated in /Users/sachin/wardtwenty_four/wp-includes/formatting.php on line 4387
[25-Aug-2026 17:19:46 UTC] PHP Deprecated:  Function get_magic_quotes_gpc() is deprecated in /Users/sachin/wardtwenty_four/wp-includes/formatting.php on line 4387
[25-Aug-2026 17:19:46 UTC] PHP Deprecated:  Function get_magic_quotes_gpc() is deprecated in /Users/sachin/wardtwenty_four/wp-includes/formatting.php on line 4387
[25-Aug-2026 17:19:46 UTC] PHP Deprecated:  Function get_magic_quotes_gpc() is deprecated in /Users/sachin/wardtwenty_four/wp-includes/formatting.php on line 4387
[25-Aug-2026 17:19:46 UTC] PHP Deprecated:  Function get_magic_quotes_gpc() is deprecated in /Users/sachin/wardtwenty_four/wp-includes/formatting.php on line 4387
[25-Aug-2026 17:19:46 UTC] PHP Deprecated:  Function get_magic_quotes_gpc() is deprecated in /Users/sachin/wardtwenty_four/wp-includes/formatting.php on line 4387
[25-Aug-2026 17:19:46 UTC] PHP Deprecated:  Function get_magic_quotes_gpc() is deprecated in /Users/sachin/wardtwenty_four/wp-includes/formatting.php on line 4387
[25-Aug-2026 17:19:46 UTC] PHP Deprecated:  Function get_magic_quotes_gpc() is deprecated in /Users/sachin/wardtwenty_four/wp-includes/formatting.php on line 4387
[25-Aug-2026 17:19:46 UTC] PHP Deprecated:  Function get_magic_quotes_gpc() is deprecated in /Users/sachin/wardtwenty_four/wp-includes/formatting.php on line 4387
[25-Aug-2026 17:19:46 UTC] PHP Deprecated:  Function get_magic_quotes_gpc() is deprecated in /Users/sachin/wardtwenty_four/wp-includes/formatting.php on line 4387
[25-Aug-2026 17:19:46 UTC] PHP Deprecated:  Function get_magic_quotes_gpc() is deprecated in /Users/sachin/wardtwenty_four/wp-includes/formatting.php on line 4387
[25-Aug-2026 17:19:46 UTC] PHP Deprecated:  Function get_magic_quotes_gpc() is deprecated in /Users/sachin/wardtwenty_four/wp-includes/formatting.php on line 4387
[25-Aug-2026 17:19:46 UTC] PHP Deprecated:  Function get_magic_quotes_gpc() is deprecated in /Users/sachin/wardtwenty_four/wp-includes/formatting.php on line 4387
[25-Aug-2026 17:19:46 UTC] PHP Deprecated:  Function get_magic_quotes_gpc() is deprecated in /Users/sachin/wardtwenty_four/wp-includes/formatting.php on line 4387
[25-Aug-2026 17:19:46 UTC] PHP Deprecated:  Function get_magic_quotes_gpc() is deprecated in /Users/sachin/wardtwenty_four/wp-includes/formatting.php on line 4387
[25-Aug-2026 17:19:46 UTC] PHP Deprecated:  Function get_magic_quotes_gpc() is deprecated in /Users/sachin/wardtwenty_four/wp-includes/formatting.php on line 4387
[25-Aug-2026 17:19:46 UTC] PHP Deprecated:  Function get_magic_quotes_gpc() is deprecated in /Users/sachin/wardtwenty_four/wp-includes/formatting.php on line 4387
[25-Aug-2026 17:19:46 UTC] PHP Deprecated:  Function get_magic_quotes_gpc() is deprecated in /Users/sachin/wardtwenty_four/wp-includes/formatting.php on line 4387
[25-Aug-2026 17:19:46 UTC] PHP Deprecated:  Function get_magic_quotes_gpc() is deprecated in /Users/sachin/wardtwenty_four/wp-includes/formatting.php on line 4387
[25-Aug-2026 17:19:46 UTC] PHP Deprecated:  Function get_magic_quotes_gpc() is deprecated in /Users/sachin/wardtwenty_four/wp-includes/formatting.php on line 4387
[25-Aug-2026 17:19:46 UTC] PHP Deprecated:  Function get_magic_quotes_gpc() is deprecated in /Users/sachin/wardtwenty_four/wp-includes/formatting.php on line 4387
[25-Aug-2026 17:19:46 UTC] PHP Deprecated:  Function get_magic_quotes_gpc() is deprecated in /Users/sachin/wardtwenty_four/wp-includes/formatting.php on line 4387
[25-Aug-2026 17:19:46 UTC] PHP Deprecated:  Function get_magic_quotes_gpc() is deprecated in /Users/sachin/wardtwenty_four/wp-includes/formatting.php on line 4387
[25-Aug-2026 17:19:46 UTC] PHP Deprecated:  Function get_magic_quotes_gpc() is deprecated in /Users/sachin/wardtwenty_four/wp-includes/formatting.php on line 4387
[25-Aug-2026 17:19:46 UTC] PHP Deprecated:  Function get_magic_quotes_gpc() is deprecated in /Users/sachin/wardtwenty_four/wp-includes/formatting.php on line 4387
[25-Aug-2026 17:19:46 UTC] PHP Deprecated:  Function get_magic_quotes_gpc() is deprecated in /Users/sachin/wardtwenty_four/wp-includes/formatting.php on line 4387
[25-Aug-2026 17:19:46 UTC] PHP Deprecated:  Function get_magic_quotes_gpc() is deprecated in /Users/sachin/wardtwenty_four/wp-includes/formatting.php on line 4387
[25-Aug-2026 17:19:46 UTC] PHP Deprecated:  Function get_magic_quotes_gpc() is deprecated in /Users/sachin/wardtwenty_four/wp-includes/formatting.php on line 4387
[25-Aug-2026 17:19:46 UTC] PHP Deprecated:  Function get_magic_quotes_gpc() is deprecated in /Users/sachin/wardtwenty_four/wp-includes/formatting.php on line 4387
[25-Aug-2026 17:19:46 UTC] PHP Deprecated:  Function get_magic_quotes_gpc() is deprecated in /Users/sachin/wardtwenty_four/wp-includes/formatting.php on line 4387
[25-Aug-2026 17:19:46 UTC] PHP Deprecated:  Function get_magic_quotes_gpc() is deprecated in /Users/sachin/wardtwenty_four/wp-includes/formatting.php on line 4387
[25-Aug-2026 17:19:46 UTC] PHP Deprecated:  Function get_magic_quotes_gpc() is deprecated in /Users/sachin/wardtwenty_four/wp-includes/formatting.php on line 4387
[25-Aug-2026 17:19:46 UTC] PHP Deprecated:  Function get_magic_quotes_gpc() is deprecated in /Users/sachin/wardtwenty_four/wp-includes/formatting.php on line 4387
[25-Aug-2026 17:19:46 UTC] PHP Deprecated:  Function get_magic_quotes_gpc() is deprecated in /Users/sachin/wardtwenty_four/wp-includes/formatting.php on line 4387
[25-Aug-2026 17:19:46 UTC] PHP Deprecated:  Function get_magic_quotes_gpc() is deprecated in /Users/sachin/wardtwenty_four/wp-includes/formatting.php on line 4387
[25-Aug-2026 17:19:46 UTC] PHP Deprecated:  Function get_magic_quotes_gpc() is deprecated in /Users/sachin/wardtwenty_four/wp-includes/formatting.php on line 4387
[25-Aug-2026 17:19:46 UTC] PHP Deprecated:  Function get_magic_quotes_gpc() is deprecated in /Users/sachin/wardtwenty_four/wp-includes/formatting.php on line 4387
[25-Aug-2026 17:19:46 UTC] PHP Deprecated:  Function get_magic_quotes_gpc() is deprecated in /Users/sachin/wardtwenty_four/wp-includes/formatting.php on line 4387
[25-Aug-2026 17:19:46 UTC] PHP Deprecated:  Function get_magic_quotes_gpc() is deprecated in /Users/sachin/wardtwenty_four/wp-includes/formatting.php on line 4387
[25-Aug-2026 17:19:46 UTC] PHP Deprecated:  Function get_magic_quotes_gpc() is deprecated in /Users/sachin/wardtwenty_four/wp-includes/formatting.php on line 4387
[25-Aug-2026 17:19:46 UTC] PHP Deprecated:  Function get_magic_quotes_gpc() is deprecated in /Users/sachin/wardtwenty_four/wp-includes/formatting.php on line 4387
[25-Aug-2026 17:19:46 UTC] PHP Deprecated:  Function get_magic_quotes_gpc() is deprecated in /Users/sachin/wardtwenty_four/wp-includes/formatting.php on line 4387
[25-Aug-2026 17:19:46 UTC] PHP Deprecated:  Function get_magic_quotes_gpc() is deprecated in /Users/sachin/wardtwenty_four/wp-includes/formatting.php on line 4387
[25-Aug-2026 17:19:46 UTC] PHP Deprecated:  Function get_magic_quotes_gpc() is deprecated in /Users/sachin/wardtwenty_four/wp-includes/formatting.php on line 4387
[25-Aug-2026 17:19:46 UTC] PHP Deprecated:  Function get_magic_quotes_gpc() is deprecated in /Users/sachin/wardtwenty_four/wp-includes/formatting.php on line 4387
[25-Aug-2026 17:19:46 UTC] PHP Deprecated:  Function get_magic_quotes_gpc() is deprecated in /Users/sachin/wardtwenty_four/wp-includes/formatting.php on line 4387
[25-Aug-2026 17:19:46 UTC] PHP Deprecated:  Function get_magic_quotes_gpc() is deprecated in /Users/sachin/wardtwenty_four/wp-includes/formatting.php on line 4387
[25-Aug-2026 17:19:46 UTC] PHP Deprecated:  Function get_magic_quotes_gpc() is deprecated in /Users/sachin/wardtwenty_four/wp-includes/formatting.php on line 4387
[25-Aug-2026 17:19:46 UTC] PHP Deprecated:  Function get_magic_quotes_gpc() is deprecated in /Users/sachin/wardtwenty_four/wp-includes/formatting.php on line 4387
[25-Aug-2026 17:19:46 UTC] PHP Deprecated:  Function get_magic_quotes_gpc() is deprecated in /Users/sachin/wardtwenty_four/wp-includes/formatting.php on line 4387
[25-Aug-2026 17:19:46 UTC] PHP Deprecated:  Function get_magic_quotes_gpc() is deprecated in /Users/sachin/wardtwenty_four/wp-includes/formatting.php on line 4387
[25-Aug-2026 17:19:46 UTC] PHP Deprecated:  Function get_magic_quotes_gpc() is deprecated in /Users/sachin/wardtwenty_four/wp-includes/formatting.php on line 4387
[25-Aug-2026 17:19:46 UTC] PHP Deprecated:  Function get_magic_quotes_gpc() is deprecated in /Users/sachin/wardtwenty_four/wp-includes/formatting.php on line 4387
[25-Aug-2026 17:19:46 UTC] PHP Deprecated:  Function get_magic_quotes_gpc() is deprecated in /Users/sachin/wardtwenty_four/wp-includes/formatting.php on line 4387
[25-Aug-2026 17:19:46 UTC] PHP Deprecated:  Function get_magic_quotes_gpc() is deprecated in /Users/sachin/wardtwenty_four/wp-includes/formatting.php on line 4387
[25-Aug-2026 17:19:46 UTC] PHP Deprecated:  Function get_magic_quotes_gpc() is deprecated in /Users/sachin/wardtwenty_four/wp-includes/formatting.php on line 4387
[25-Aug-2026 17:19:46 UTC] PHP Deprecated:  Function get_magic_quotes_gpc() is deprecated in /Users/sachin/wardtwenty_four/wp-includes/formatting.php on line 4387
[25-Aug-2026 17:19:46 UTC] PHP Deprecated:  Function get_magic_quotes_gpc() is deprecated in /Users/sachin/wardtwenty_four/wp-includes/formatting.php on line 4387
[25-Aug-2026 17:19:46 UTC] PHP Deprecated:  Function get_magic_quotes_gpc() is deprecated in /Users/sachin/wardtwenty_four/wp-includes/formatting.php on line 4387
[25-Aug-2026 17:19:46 UTC] PHP Deprecated:  Function get_magic_quotes_gpc() is deprecated in /Users/sachin/wardtwenty_four/wp-includes/formatting.php on line 4387
[25-Aug-2026 17:19:46 UTC] PHP Deprecated:  Function get_magic_quotes_gpc() is deprecated in /Users/sachin/wardtwenty_four/wp-includes/formatting.php on line 4387
[25-Aug-2026 17:19:46 UTC] PHP Deprecated:  Function get_magic_quotes_gpc() is deprecated in /Users/sachin/wardtwenty_four/wp-includes/formatting.php on line 4387
[25-Aug-2026 17:19:46 UTC] PHP Deprecated:  Function get_magic_quotes_gpc() is deprecated in /Users/sachin/wardtwenty_four/wp-includes/formatting.php on line 4387
[25-Aug-2026 17:19:46 UTC] PHP Deprecated:  Function get_magic_quotes_gpc() is deprecated in /Users/sachin/wardtwenty_four/wp-includes/formatting.php on line 4387
[25-Aug-2026 17:19:46 UTC] PHP Deprecated:  Function get_magic_quotes_gpc() is deprecated in /Users/sachin/wardtwenty_four/wp-includes/formatting.php on line 4387
[25-Aug-2026 17:19:46 UTC] PHP Deprecated:  Function get_magic_quotes_gpc() is deprecated in /Users/sachin/wardtwenty_four/wp-includes/formatting.php on line 4387
[25-Aug-2026 17:19:46 UTC] PHP Deprecated:  Function get_magic_quotes_gpc() is deprecated in /Users/sachin/wardtwenty_four/wp-includes/formatting.php on line 4387
[25-Aug-2026 17:19:46 UTC] PHP Deprecated:  Function get_magic_quotes_gpc() is deprecated in /Users/sachin/wardtwenty_four/wp-includes/formatting.php on line 4387
[25-Aug-2026 17:19:46 UTC] PHP Deprecated:  Function get_magic_quotes_gpc() is deprecated in /Users/sachin/wardtwenty_four/wp-includes/formatting.php on line 4387
[25-Aug-2026 17:19:46 UTC] PHP Deprecated:  Function get_magic_quotes_gpc() is deprecated in /Users/sachin/wardtwenty_four/wp-includes/formatting.php on line 4387
[25-Aug-2026 17:19:46 UTC] PHP Deprecated:  Function get_magic_quotes_gpc() is deprecated in /Users/sachin/wardtwenty_four/wp-includes/formatting.php on line 4387
[25-Aug-2026 17:19:46 UTC] PHP Deprecated:  Function get_magic_quotes_gpc() is deprecated in /Users/sachin/wardtwenty_four/wp-includes/formatting.php on line 4387
[25-Aug-2026 17:19:46 UTC] PHP Notice:  Trying to access array offset on value of type bool in /Users/sachin/wardtwenty_four/wp-admin/includes/update.php on line 608
[25-Aug-2026 17:19:46 UTC] PHP Deprecated:  Function get_magic_quotes_gpc() is deprecated in /Users/sachin/wardtwenty_four/wp-includes/formatting.php on line 2448
[25-Aug-2026 17:19:46 UTC] PHP Deprecated:  Function get_magic_quotes_gpc() is deprecated in /Users/sachin/wardtwenty_four/wp-includes/formatting.php on line 4387
[25-Aug-2026 17:19:46 UTC] PHP Deprecated:  Function get_magic_quotes_gpc() is deprecated in /Users/sachin/wardtwenty_four/wp-includes/formatting.php on line 4387
[25-Aug-2026 17:19:46 UTC] PHP Deprecated:  Function get_magic_quotes_gpc() is deprecated in /Users/sachin/wardtwenty_four/wp-includes/formatting.php on line 4387
[25-Aug-2026 17:19:46 UTC] PHP Deprecated:  Function get_magic_quotes_gpc() is deprecated in /Users/sachin/wardtwenty_four/wp-includes/formatting.php on line 4387
[25-Aug-2026 17:19:46 UTC] PHP Deprecated:  Function get_magic_quotes_gpc() is deprecated in /Users/sachin/wardtwenty_four/wp-includes/formatting.php on line 4387
[25-Aug-2026 17:19:46 UTC] PHP Deprecated:  Function get_magic_quotes_gpc() is deprecated in /Users/sachin/wardtwenty_four/wp-includes/formatting.php on line 4387
[25-Aug-2026 17:19:46 UTC] PHP Deprecated:  Function get_magic_quotes_gpc() is deprecated in /Users/sachin/wardtwenty_four/wp-includes/formatting.php on line 4387
[25-Aug-2026 17:19:46 UTC] PHP Deprecated:  Function get_magic_quotes_gpc() is deprecated in /Users/sachin/wardtwenty_four/wp-includes/formatting.php on line 4387
[25-Aug-2026 17:19:46 UTC] PHP Deprecated:  Function get_magic_quotes_gpc() is deprecated in /Users/sachin/wardtwenty_four/wp-includes/formatting.php on line 4387
[25-Aug-2026 17:19:46 UTC] PHP Deprecated:  Function get_magic_quotes_gpc() is deprecated in /Users/sachin/wardtwenty_four/wp-includes/formatting.php on line 4387
[25-Aug-2026 17:19:46 UTC] PHP Deprecated:  Function get_magic_quotes_gpc() is deprecated in /Users/sachin/wardtwenty_four/wp-includes/formatting.php on line 4387
[25-Aug-2026 17:19:46 UTC] PHP Deprecated:  Function get_magic_quotes_gpc() is deprecated in /Users/sachin/wardtwenty_four/wp-includes/formatting.php on line 4387
[25-Aug-2026 17:19:46 UTC] PHP Deprecated:  Function get_magic_quotes_gpc() is deprecated in /Users/sachin/wardtwenty_four/wp-includes/formatting.php on line 4387
[25-Aug-2026 17:19:46 UTC] PHP Deprecated:  Function get_magic_quotes_gpc() is deprecated in /Users/sachin/wardtwenty_four/wp-includes/formatting.php on line 4387
[25-Aug-2026 17:19:46 UTC] PHP Deprecated:  Function get_magic_quotes_gpc() is deprecated in /Users/sachin/wardtwenty_four/wp-includes/formatting.php on line 4387
[25-Aug-2026 17:19:46 UTC] PHP Deprecated:  Function get_magic_quotes_gpc() is deprecated in /Users/sachin/wardtwenty_four/wp-includes/formatting.php on line 4387
[25-Aug-2026 17:19:46 UTC] PHP Deprecated:  Function get_magic_quotes_gpc() is deprecated in /Users/sachin/wardtwenty_four/wp-includes/formatting.php on line 4387
[25-Aug-2026 17:19:46 UTC] PHP Deprecated:  Function get_magic_quotes_gpc() is deprecated in /Users/sachin/wardtwenty_four/wp-includes/formatting.php on line 4387
[25-Aug-2026 17:19:46 UTC] PHP Deprecated:  Function get_magic_quotes_gpc() is deprecated in /Users/sachin/wardtwenty_four/wp-includes/formatting.php on line 4387
[25-Aug-2026 17:19:46 UTC] PHP Deprecated:  Function get_magic_quotes_gpc() is deprecated in /Users/sachin/wardtwenty_four/wp-includes/formatting.php on line 4387
[25-Aug-2026 17:19:46 UTC] PHP Deprecated:  Function get_magic_quotes_gpc() is deprecated in /Users/sachin/wardtwenty_four/wp-includes/formatting.php on line 4387
[25-Aug-2026 17:19:46 UTC] PHP Deprecated:  Function get_magic_quotes_gpc() is deprecated in /Users/sachin/wardtwenty_four/wp-includes/formatting.php on line 4387
[25-Aug-2026 17:19:46 UTC] PHP Deprecated:  Function get_magic_quotes_gpc() is deprecated in /Users/sachin/wardtwenty_four/wp-includes/formatting.php on line 4387
[25-Aug-2026 17:19:46 UTC] PHP Deprecated:  Function get_magic_quotes_gpc() is deprecated in /Users/sachin/wardtwenty_four/wp-includes/formatting.php on line 4387
[25-Aug-2026 17:19:46 UTC] PHP Deprecated:  Function get_magic_quotes_gpc() is deprecated in /Users/sachin/wardtwenty_four/wp-includes/formatting.php on line 4387
[25-Aug-2026 17:19:46 UTC] PHP Deprecated:  Function get_magic_quotes_gpc() is deprecated in /Users/sachin/wardtwenty_four/wp-includes/formatting.php on line 4387
[25-Aug-2026 17:19:46 UTC] PHP Deprecated:  Function get_magic_quotes_gpc() is deprecated in /Users/sachin/wardtwenty_four/wp-includes/formatting.php on line 4387
[25-Aug-2026 17:19:46 UTC] PHP Deprecated:  Function get_magic_quotes_gpc() is deprecated in /Users/sachin/wardtwenty_four/wp-includes/formatting.php on line 4387
[25-Aug-2026 17:19:46 UTC] PHP Deprecated:  Function get_magic_quotes_gpc() is deprecated in /Users/sachin/wardtwenty_four/wp-includes/formatting.php on line 4387
[25-Aug-2026 17:19:46 UTC] PHP Deprecated:  Function get_magic_quotes_gpc() is deprecated in /Users/sachin/wardtwenty_four/wp-includes/formatting.php on line 4387
[25-Aug-2026 17:19:46 UTC] PHP Deprecated:  Function get_magic_quotes_gpc() is deprecated in /Users/sachin/wardtwenty_four/wp-includes/formatting.php on line 4387
[25-Aug-2026 17:19:46 UTC] PHP Deprecated:  Function get_magic_quotes_gpc() is deprecated in /Users/sachin/wardtwenty_four/wp-includes/formatting.php on line 4387
[25-Aug-2026 17:19:46 UTC] PHP Deprecated:  Function get_magic_quotes_gpc() is deprecated in /Users/sachin/wardtwenty_four/wp-includes/formatting.php on line 4387
[25-Aug-2026 17:19:46 UTC] PHP Deprecated:  Function get_magic_quotes_gpc() is deprecated in /Users/sachin/wardtwenty_four/wp-includes/formatting.php on line 4387
[25-Aug-2026 17:19:46 UTC] PHP Deprecated:  Function get_magic_quotes_gpc() is deprecated in /Users/sachin/wardtwenty_four/wp-includes/formatting.php on line 4387
[25-Aug-2026 17:19:46 UTC] PHP Deprecated:  Function get_magic_quotes_gpc() is deprecated in /Users/sachin/wardtwenty_four/wp-includes/formatting.php on line 4387
[25-Aug-2026 17:19:46 UTC] PHP Deprecated:  Function get_magic_quotes_gpc() is deprecated in /Users/sachin/wardtwenty_four/wp-includes/formatting.php on line 4387
[25-Aug-2026 17:19:46 UTC] PHP Deprecated:  Function get_magic_quotes_gpc() is deprecated in /Users/sachin/wardtwenty_four/wp-includes/formatting.php on line 4387
[25-Aug-2026 17:19:46 UTC] PHP Deprecated:  Function get_magic_quotes_gpc() is deprecated in /Users/sachin/wardtwenty_four/wp-includes/formatting.php on line 4387
[25-Aug-2026 17:19:46 UTC] PHP Deprecated:  Function get_magic_quotes_gpc() is deprecated in /Users/sachin/wardtwenty_four/wp-includes/formatting.php on line 4387
[25-Aug-2026 17:19:46 UTC] PHP Deprecated:  Function get_magic_quotes_gpc() is deprecated in /Users/sachin/wardtwenty_four/wp-includes/formatting.php on line 4387
[25-Aug-2026 17:19:46 UTC] PHP Deprecated:  Function get_magic_quotes_gpc() is deprecated in /Users/sachin/wardtwenty_four/wp-includes/formatting.php on line 4387
[25-Aug-2026 17:19:46 UTC] PHP Deprecated:  Function get_magic_quotes_gpc() is deprecated in /Users/sachin/wardtwenty_four/wp-includes/formatting.php on line 4387
[25-Aug-2026 17:19:46 UTC] PHP Deprecated:  Function get_magic_quotes_gpc() is deprecated in /Users/sachin/wardtwenty_four/wp-includes/formatting.php on line 4387
[25-Aug-2026 17:19:46 UTC] PHP Deprecated:  Function get_magic_quotes_gpc() is deprecated in /Users/sachin/wardtwenty_four/wp-includes/formatting.php on line 4387
[25-Aug-2026 17:19:46 UTC] PHP Deprecated:  Function get_magic_quotes_gpc() is deprecated in /Users/sachin/wardtwenty_four/wp-includes/formatting.php on line 4387
[25-Aug-2026 17:19:46 UTC] PHP Deprecated:  Function get_magic_quotes_gpc() is deprecated in /Users/sachin/wardtwenty_four/wp-includes/formatting.php on line 4387
[25-Aug-2026 17:19:46 UTC] PHP Deprecated:  Function get_magic_quotes_gpc() is deprecated in /Users/sachin/wardtwenty_four/wp-includes/formatting.php on line 4387
[25-Aug-2026 17:19:46 UTC] PHP Deprecated:  Function get_magic_quotes_gpc() is deprecated in /Users/sachin/wardtwenty_four/wp-includes/formatting.php on line 4387
[25-Aug-2026 17:19:46 UTC] PHP Deprecated:  Function get_magic_quotes_gpc() is deprecated in /Users/sachin/wardtwenty_four/wp-includes/formatting.php on line 4387
[25-Aug-2026 17:19:46 UTC] PHP Deprecated:  Function get_magic_quotes_gpc() is deprecated in /Users/sachin/wardtwenty_four/wp-includes/formatting.php on line 4387
[25-Aug-2026 17:19:46 UTC] PHP Deprecated:  Function get_magic_quotes_gpc() is deprecated in /Users/sachin/wardtwenty_four/wp-includes/formatting.php on line 4387
[25-Aug-2026 17:19:46 UTC] PHP Deprecated:  Function get_magic_quotes_gpc() is deprecated in /Users/sachin/wardtwenty_four/wp-includes/formatting.php on line 4387
[25-Aug-2026 17:19:46 UTC] PHP Deprecated:  Function get_magic_quotes_gpc() is deprecated in /Users/sachin/wardtwenty_four/wp-includes/formatting.php on line 4387
[25-Aug-2026 17:19:46 UTC] PHP Deprecated:  Function get_magic_quotes_gpc() is deprecated in /Users/sachin/wardtwenty_four/wp-includes/formatting.php on line 4387
[25-Aug-2026 17:19:46 UTC] PHP Deprecated:  Function get_magic_quotes_gpc() is deprecated in /Users/sachin/wardtwenty_four/wp-includes/formatting.php on line 4387
[25-Aug-2026 17:19:46 UTC] PHP Deprecated:  Function get_magic_quotes_gpc() is deprecated in /Users/sachin/wardtwenty_four/wp-includes/formatting.php on line 4387
[25-Aug-2026 17:19:46 UTC] PHP Deprecated:  Function get_magic_quotes_gpc() is deprecated in /Users/sachin/wardtwenty_four/wp-includes/formatting.php on line 4387
[25-Aug-2026 17:19:46 UTC] PHP Deprecated:  Function get_magic_quotes_gpc() is deprecated in /Users/sachin/wardtwenty_four/wp-includes/formatting.php on line 4387
[25-Aug-2026 17:19:46 UTC] PHP Deprecated:  Function get_magic_quotes_gpc() is deprecated in /Users/sachin/wardtwenty_four/wp-includes/formatting.php on line 4387
[25-Aug-2026 17:19:46 UTC] PHP Deprecated:  Function get_magic_quotes_gpc() is deprecated in /Users/sachin/wardtwenty_four/wp-includes/formatting.php on line 4387
[25-Aug-2026 17:19:46 UTC] PHP Deprecated:  Function get_magic_quotes_gpc() is deprecated in /Users/sachin/wardtwenty_four/wp-includes/formatting.php on line 4387
[25-Aug-2026 17:19:46 UTC] PHP Deprecated:  Function get_magic_quotes_gpc() is deprecated in /Users/sachin/wardtwenty_four/wp-includes/formatting.php on line 4387
[25-Aug-2026 17:19:46 UTC] PHP Deprecated:  Function get_magic_quotes_gpc() is deprecated in /Users/sachin/wardtwenty_four/wp-includes/formatting.php on line 4387
[25-Aug-2026 17:19:46 UTC] PHP Deprecated:  Function get_magic_quotes_gpc() is deprecated in /Users/sachin/wardtwenty_four/wp-includes/formatting.php on line 4387
[25-Aug-2026 17:19:46 UTC] PHP Deprecated:  Function get_magic_quotes_gpc() is deprecated in /Users/sachin/wardtwenty_four/wp-includes/formatting.php on line 4387
[25-Aug-2026 17:19:46 UTC] PHP Deprecated:  Function get_magic_quotes_gpc() is deprecated in /Users/sachin/wardtwenty_four/wp-includes/formatting.php on line 4387
[25-Aug-2026 17:19:46 UTC] PHP Deprecated:  Function get_magic_quotes_gpc() is deprecated in /Users/sachin/wardtwenty_four/wp-includes/formatting.php on line 4387
[25-Aug-2026 17:19:46 UTC] PHP Deprecated:  Function get_magic_quotes_gpc() is deprecated in /Users/sachin/wardtwenty_four/wp-includes/formatting.php on line 4387
[25-Aug-2026 17:19:46 UTC] PHP Deprecated:  Function get_magic_quotes_gpc() is deprecated in /Users/sachin/wardtwenty_four/wp-includes/formatting.php on line 4387
[25-Aug-2026 17:19:46 UTC] PHP Deprecated:  Function get_magic_quotes_gpc() is deprecated in /Users/sachin/wardtwenty_four/wp-includes/formatting.php on line 4387
[25-Aug-2026 17:19:46 UTC] PHP Deprecated:  Function get_magic_quotes_gpc() is deprecated in /Users/sachin/wardtwenty_four/wp-includes/formatting.php on line 4387
[25-Aug-2026 17:19:53 UTC] PHP Deprecated:  Function get_magic_quotes_gpc() is deprecated in /Users/sachin/wardtwenty_four/wp-includes/load.php on line 651
[25-Aug-2026 17:19:53 UTC] PHP Notice:  Trying to access array offset on value of type bool in /Users/sachin/wardtwenty_four/wp-includes/theme.php on line 2241
[25-Aug-2026 17:19:53 UTC] PHP Deprecated:  Function get_magic_quotes_gpc() is deprecated in /Users/sachin/wardtwenty_four/wp-includes/formatting.php on line 4387
[25-Aug-2026 17:19:53 UTC] PHP Deprecated:  Function get_magic_quotes_gpc() is deprecated in /Users/sachin/wardtwenty_four/wp-includes/formatting.php on line 4387
[25-Aug-2026 17:19:53 UTC] PHP Deprecated:  Function get_magic_quotes_gpc() is deprecated in /Users/sachin/wardtwenty_four/wp-includes/formatting.php on line 4387
[25-Aug-2026 17:19:53 UTC] PHP Deprecated:  Function get_magic_quotes_gpc() is deprecated in /Users/sachin/wardtwenty_four/wp-includes/formatting.php on line 4387
[25-Aug-2026 17:19:53 UTC] PHP Deprecated:  Function get_magic_quotes_gpc() is deprecated in /Users/sachin/wardtwenty_four/wp-includes/formatting.php on line 4387
[25-Aug-2026 17:19:53 UTC] PHP Deprecated:  Function get_magic_quotes_gpc() is deprecated in /Users/sachin/wardtwenty_four/wp-includes/formatting.php on line 4387
[25-Aug-2026 17:19:53 UTC] PHP Deprecated:  Function get_magic_quotes_gpc() is deprecated in /Users/sachin/wardtwenty_four/wp-includes/formatting.php on line 4387
[25-Aug-2026 17:19:53 UTC] PHP Deprecated:  Function get_magic_quotes_gpc() is deprecated in /Users/sachin/wardtwenty_four/wp-includes/formatting.php on line 4387
[25-Aug-2026 17:19:53 UTC] PHP Deprecated:  Function get_magic_quotes_gpc() is deprecated in /Users/sachin/wardtwenty_four/wp-includes/formatting.php on line 4387
[25-Aug-2026 17:19:53 UTC] PHP Deprecated:  Function get_magic_quotes_gpc() is deprecated in /Users/sachin/wardtwenty_four/wp-includes/formatting.php on line 4387
[25-Aug-2026 17:19:53 UTC] PHP Deprecated:  Function get_magic_quotes_gpc() is deprecated in /Users/sachin/wardtwenty_four/wp-includes/formatting.php on line 4387
[25-Aug-2026 17:19:53 UTC] PHP Deprecated:  Function get_magic_quotes_gpc() is deprecated in /Users/sachin/wardtwenty_four/wp-includes/formatting.php on line 4387
[25-Aug-2026 17:19:53 UTC] PHP Deprecated:  Function get_magic_quotes_gpc() is deprecated in /Users/sachin/wardtwenty_four/wp-includes/formatting.php on line 4387
[25-Aug-2026 17:19:53 UTC] PHP Deprecated:  Function get_magic_quotes_gpc() is deprecated in /Users/sachin/wardtwenty_four/wp-includes/formatting.php on line 4387
[25-Aug-2026 17:19:53 UTC] PHP Deprecated:  Function get_magic_quotes_gpc() is deprecated in /Users/sachin/wardtwenty_four/wp-includes/formatting.php on line 4387
[25-Aug-2026 17:19:53 UTC] PHP Deprecated:  Function get_magic_quotes_gpc() is deprecated in /Users/sachin/wardtwenty_four/wp-includes/formatting.php on line 4387
[25-Aug-2026 17:19:53 UTC] PHP Deprecated:  Function get_magic_quotes_gpc() is deprecated in /Users/sachin/wardtwenty_four/wp-includes/formatting.php on line 4387
[25-Aug-2026 17:19:53 UTC] PHP Deprecated:  Function get_magic_quotes_gpc() is deprecated in /Users/sachin/wardtwenty_four/wp-includes/formatting.php on line 4387
[25-Aug-2026 17:19:53 UTC] PHP Deprecated:  Function get_magic_quotes_gpc() is deprecated in /Users/sachin/wardtwenty_four/wp-includes/formatting.php on line 4387
[25-Aug-2026 17:19:53 UTC] PHP Deprecated:  Function get_magic_quotes_gpc() is deprecated in /Users/sachin/wardtwenty_four/wp-includes/formatting.php on line 4387
[25-Aug-2026 17:19:53 UTC] PHP Deprecated:  Function get_magic_quotes_gpc() is deprecated in /Users/sachin/wardtwenty_four/wp-includes/formatting.php on line 4387
[25-Aug-2026 17:19:53 UTC] PHP Deprecated:  Function get_magic_quotes_gpc() is deprecated in /Users/sachin/wardtwenty_four/wp-includes/formatting.php on line 4387
[25-Aug-2026 17:19:53 UTC] PHP Deprecated:  Function get_magic_quotes_gpc() is deprecated in /Users/sachin/wardtwenty_four/wp-includes/formatting.php on line 4387
[25-Aug-2026 17:19:53 UTC] PHP Deprecated:  Function get_magic_quotes_gpc() is deprecated in /Users/sachin/wardtwenty_four/wp-includes/formatting.php on line 4387
[25-Aug-2026 17:19:53 UTC] PHP Deprecated:  Function get_magic_quotes_gpc() is deprecated in /Users/sachin/wardtwenty_four/wp-includes/formatting.php on line 4387
[25-Aug-2026 17:19:53 UTC] PHP Deprecated:  Function get_magic_quotes_gpc() is deprecated in /Users/sachin/wardtwenty_four/wp-includes/formatting.php on line 4387
[25-Aug-2026 17:19:53 UTC] PHP Deprecated:  Function get_magic_quotes_gpc() is deprecated in /Users/sachin/wardtwenty_four/wp-includes/formatting.php on line 4387
[25-Aug-2026 17:19:53 UTC] PHP Deprecated:  Function get_magic_quotes_gpc() is deprecated in /Users/sachin/wardtwenty_four/wp-includes/formatting.php on line 4387
[25-Aug-2026 17:19:53 UTC] PHP Deprecated:  Function get_magic_quotes_gpc() is deprecated in /Users/sachin/wardtwenty_four/wp-includes/formatting.php on line 4387
[25-Aug-2026 17:19:53 UTC] PHP Deprecated:  Function get_magic_quotes_gpc() is deprecated in /Users/sachin/wardtwenty_four/wp-includes/formatting.php on line 4387
[25-Aug-2026 17:19:53 UTC] PHP Deprecated:  Function get_magic_quotes_gpc() is deprecated in /Users/sachin/wardtwenty_four/wp-includes/formatting.php on line 4387
[25-Aug-2026 17:19:53 UTC] PHP Notice:  compact(): Undefined variable: post_status in /Users/sachin/wardtwenty_four/wp-admin/includes/post.php on line 1080
[25-Aug-2026 17:19:53 UTC] PHP Notice:  compact(): Undefined variable: perm in /Users/sachin/wardtwenty_four/wp-admin/includes/post.php on line 1080
[25-Aug-2026 17:19:53 UTC] PHP Notice:  compact(): Undefined variable: order in /Users/sachin/wardtwenty_four/wp-admin/includes/post.php on line 1080
[25-Aug-2026 17:19:53 UTC] PHP Notice:  compact(): Undefined variable: orderby in /Users/sachin/wardtwenty_four/wp-admin/includes/post.php on line 1080
[25-Aug-2026 17:19:53 UTC] PHP Deprecated:  Function get_magic_quotes_gpc() is deprecated in /Users/sachin/wardtwenty_four/wp-includes/formatting.php on line 4387
[25-Aug-2026 17:19:53 UTC] PHP Deprecated:  Function get_magic_quotes_gpc() is deprecated in /Users/sachin/wardtwenty_four/wp-includes/formatting.php on line 4387
[25-Aug-2026 17:19:53 UTC] PHP Deprecated:  Function get_magic_quotes_gpc() is deprecated in /Users/sachin/wardtwenty_four/wp-includes/formatting.php on line 4387
[25-Aug-2026 17:19:53 UTC] PHP Deprecated:  Function get_magic_quotes_gpc() is deprecated in /Users/sachin/wardtwenty_four/wp-includes/formatting.php on line 4387
[25-Aug-2026 17:19:53 UTC] PHP Deprecated:  Function get_magic_quotes_gpc() is deprecated in /Users/sachin/wardtwenty_four/wp-includes/formatting.php on line 4387
[25-Aug-2026 17:19:53 UTC] PHP Deprecated:  Function get_magic_quotes_gpc() is deprecated in /Users/sachin/wardtwenty_four/wp-includes/formatting.php on line 4387
[25-Aug-2026 17:19:53 UTC] PHP Deprecated:  Function get_magic_quotes_gpc() is deprecated in /Users/sachin/wardtwenty_four/wp-includes/formatting.php on line 4387
[25-Aug-2026 17:19:53 UTC] PHP Deprecated:  Function get_magic_quotes_gpc() is deprecated in /Users/sachin/wardtwenty_four/wp-includes/formatting.php on line 4387
[25-Aug-2026 17:19:53 UTC] PHP Deprecated:  Function get_magic_quotes_gpc() is deprecated in /Users/sachin/wardtwenty_four/wp-includes/formatting.php on line 4387
[25-Aug-2026 17:19:53 UTC] PHP Deprecated:  Function get_magic_quotes_gpc() is deprecated in /Users/sachin/wardtwenty_four/wp-includes/formatting.php on line 4387
[25-Aug-2026 17:19:53 UTC] PHP Deprecated:  Function get_magic_quotes_gpc() is deprecated in /Users/sachin/wardtwenty_four/wp-includes/formatting.php on line 4387
[25-Aug-2026 17:19:53 UTC] PHP Deprecated:  Function get_magic_quotes_gpc() is deprecated in /Users/sachin/wardtwenty_four/wp-includes/formatting.php on line 4387
[25-Aug-2026 17:19:53 UTC] PHP Deprecated:  Function get_magic_quotes_gpc() is deprecated in /Users/sachin/wardtwenty_four/wp-includes/formatting.php on line 4387
[25-Aug-2026 17:19:53 UTC] PHP Deprecated:  Function get_magic_quotes_gpc() is deprecated in /Users/sachin/wardtwenty_four/wp-includes/formatting.php on line 4387
[25-Aug-2026 17:19:53 UTC] PHP Deprecated:  Function get_magic_quotes_gpc() is deprecated in /Users/sachin/wardtwenty_four/wp-includes/formatting.php on line 4387
[25-Aug-2026 17:19:53 UTC] PHP Deprecated:  Function get_magic_quotes_gpc() is deprecated in /Users/sachin/wardtwenty_four/wp-includes/formatting.php on line 4387
[25-Aug-2026 17:19:53 UTC] PHP Deprecated:  Function get_magic_quotes_gpc() is deprecated in /Users/sachin/wardtwenty_four/wp-includes/formatting.php on line 4387
[25-Aug-2026 17:19:53 UTC] PHP Deprecated:  Function get_magic_quotes_gpc() is deprecated in /Users/sachin/wardtwenty_four/wp-includes/formatting.php on line 4387
[25-Aug-2026 17:19:53 UTC] PHP Deprecated:  Function get_magic_quotes_gpc() is deprecated in /Users/sachin/wardtwenty_four/wp-includes/formatting.php on line 4387
[25-Aug-2026 17:19:53 UTC] PHP Deprecated:  Function get_magic_quotes_gpc() is deprecated in /Users/sachin/wardtwenty_four/wp-includes/formatting.php on line 4387
[25-Aug-2026 17:19:53 UTC] PHP Deprecated:  Function get_magic_quotes_gpc() is deprecated in /Users/sachin/wardtwenty_four/wp-includes/formatting.php on line 4387
[25-Aug-2026 17:19:53 UTC] PHP Deprecated:  Function get_magic_quotes_gpc() is deprecated in /Users/sachin/wardtwenty_four/wp-includes/formatting.php on line 4387
[25-Aug-2026 17:19:53 UTC] PHP Deprecated:  Function get_magic_quotes_gpc() is deprecated in /Users/sachin/wardtwenty_four/wp-includes/formatting.php on line 4387
[25-Aug-2026 17:19:53 UTC] PHP Deprecated:  Function get_magic_quotes_gpc() is deprecated in /Users/sachin/wardtwenty_four/wp-includes/formatting.php on line 4387
[25-Aug-2026 17:19:53 UTC] PHP Deprecated:  Function get_magic_quotes_gpc() is deprecated in /Users/sachin/wardtwenty_four/wp-includes/formatting.php on line 4387
[25-Aug-2026 17:19:53 UTC] PHP Deprecated:  Function get_magic_quotes_gpc() is deprecated in /Users/sachin/wardtwenty_four/wp-includes/formatting.php on line 4387
[25-Aug-2026 17:19:53 UTC] PHP Deprecated:  Function get_magic_quotes_gpc() is deprecated in /Users/sachin/wardtwenty_four/wp-includes/formatting.php on line 4387
[25-Aug-2026 17:19:53 UTC] PHP Deprecated:  Function get_magic_quotes_gpc() is deprecated in /Users/sachin/wardtwenty_four/wp-includes/formatting.php on line 4387
[25-Aug-2026 17:19:53 UTC] PHP Deprecated:  Function get_magic_quotes_gpc() is deprecated in /Users/sachin/wardtwenty_four/wp-includes/formatting.php on line 4387
[25-Aug-2026 17:19:53 UTC] PHP Deprecated:  Function get_magic_quotes_gpc() is deprecated in /Users/sachin/wardtwenty_four/wp-includes/formatting.php on line 4387
[25-Aug-2026 17:19:53 UTC] PHP Deprecated:  Function get_magic_quotes_gpc() is deprecated in /Users/sachin/wardtwenty_four/wp-includes/formatting.php on line 4387
[25-Aug-2026 17:19:53 UTC] PHP Deprecated:  Function get_magic_quotes_gpc() is deprecated in /Users/sachin/wardtwenty_four/wp-includes/formatting.php on line 4387
[25-Aug-2026 17:19:53 UTC] PHP Deprecated:  Function get_magic_quotes_gpc() is deprecated in /Users/sachin/wardtwenty_four/wp-includes/formatting.php on line 4387
[25-Aug-2026 17:19:53 UTC] PHP Deprecated:  Function get_magic_quotes_gpc() is deprecated in /Users/sachin/wardtwenty_four/wp-includes/formatting.php on line 4387
[25-Aug-2026 17:19:53 UTC] PHP Deprecated:  Function get_magic_quotes_gpc() is deprecated in /Users/sachin/wardtwenty_four/wp-includes/formatting.php on line 4387
[25-Aug-2026 17:19:53 UTC] PHP Deprecated:  Function get_magic_quotes_gpc() is deprecated in /Users/sachin/wardtwenty_four/wp-includes/formatting.php on line 4387
[25-Aug-2026 17:19:53 UTC] PHP Deprecated:  Function get_magic_quotes_gpc() is deprecated in /Users/sachin/wardtwenty_four/wp-includes/formatting.php on line 4387
[25-Aug-2026 17:19:53 UTC] PHP Deprecated:  Function get_magic_quotes_gpc() is deprecated in /Users/sachin/wardtwenty_four/wp-includes/formatting.php on line 4387
[25-Aug-2026 17:19:53 UTC] PHP Deprecated:  Function get_magic_quotes_gpc() is deprecated in /Users/sachin/wardtwenty_four/wp-includes/formatting.php on line 4387
[25-Aug-2026 17:19:53 UTC] PHP Deprecated:  Function get_magic_quotes_gpc() is deprecated in /Users/sachin/wardtwenty_four/wp-includes/formatting.php on line 4387
[25-Aug-2026 17:19:53 UTC] PHP Deprecated:  Function get_magic_quotes_gpc() is deprecated in /Users/sachin/wardtwenty_four/wp-includes/formatting.php on line 4387
[25-Aug-2026 17:19:53 UTC] PHP Deprecated:  Function get_magic_quotes_gpc() is deprecated in /Users/sachin/wardtwenty_four/wp-includes/formatting.php on line 4387
[25-Aug-2026 17:19:53 UTC] PHP Deprecated:  Function get_magic_quotes_gpc() is deprecated in /Users/sachin/wardtwenty_four/wp-includes/formatting.php on line 4387
[25-Aug-2026 17:19:53 UTC] PHP Deprecated:  Function get_magic_quotes_gpc() is deprecated in /Users/sachin/wardtwenty_four/wp-includes/formatting.php on line 4387
[25-Aug-2026 17:19:53 UTC] PHP Deprecated:  Function get_magic_quotes_gpc() is deprecated in /Users/sachin/wardtwenty_four/wp-includes/formatting.php on line 4387
[25-Aug-2026 17:19:53 UTC] PHP Deprecated:  Function get_magic_quotes_gpc() is deprecated in /Users/sachin/wardtwenty_four/wp-includes/formatting.php on line 4387
[25-Aug-2026 17:19:53 UTC] PHP Deprecated:  Function get_magic_quotes_gpc() is deprecated in /Users/sachin/wardtwenty_four/wp-includes/formatting.php on line 4387
[25-Aug-2026 17:19:53 UTC] PHP Deprecated:  Function get_magic_quotes_gpc() is deprecated in /Users/sachin/wardtwenty_four/wp-includes/formatting.php on line 4387
[25-Aug-2026 17:19:53 UTC] PHP Deprecated:  Function get_magic_quotes_gpc() is deprecated in /Users/sachin/wardtwenty_four/wp-includes/formatting.php on line 4387
[25-Aug-2026 17:19:53 UTC] PHP Deprecated:  Function get_magic_quotes_gpc() is deprecated in /Users/sachin/wardtwenty_four/wp-includes/formatting.php on line 4387
[25-Aug-2026 17:19:53 UTC] PHP Deprecated:  Function get_magic_quotes_gpc() is deprecated in /Users/sachin/wardtwenty_four/wp-includes/formatting.php on line 4387
[25-Aug-2026 17:19:53 UTC] PHP Notice:  Trying to access array offset on value of type bool in /Users/sachin/wardtwenty_four/wp-admin/includes/update.php on line 608
[25-Aug-2026 17:19:53 UTC] PHP Deprecated:  Function get_magic_quotes_gpc() is deprecated in /Users/sachin/wardtwenty_four/wp-includes/formatting.php on line 4387
[25-Aug-2026 17:19:53 UTC] PHP Deprecated:  Function get_magic_quotes_gpc() is deprecated in /Users/sachin/wardtwenty_four/wp-includes/formatting.php on line 4387
[25-Aug-2026 17:19:53 UTC] PHP Deprecated:  Function get_magic_quotes_gpc() is deprecated in /Users/sachin/wardtwenty_four/wp-includes/formatting.php on line 4387
[25-Aug-2026 17:19:53 UTC] PHP Deprecated:  Function get_magic_quotes_gpc() is deprecated in /Users/sachin/wardtwenty_four/wp-includes/formatting.php on line 4387
[25-Aug-2026 17:19:53 UTC] PHP Deprecated:  Function get_magic_quotes_gpc() is deprecated in /Users/sachin/wardtwenty_four/wp-includes/formatting.php on line 4387
[25-Aug-2026 17:19:53 UTC] PHP Deprecated:  Function get_magic_quotes_gpc() is deprecated in /Users/sachin/wardtwenty_four/wp-includes/formatting.php on line 4387
[25-Aug-2026 17:19:53 UTC] PHP Deprecated:  Function get_magic_quotes_gpc() is deprecated in /Users/sachin/wardtwenty_four/wp-includes/formatting.php on line 4387
[25-Aug-2026 17:19:53 UTC] PHP Deprecated:  Function get_magic_quotes_gpc() is deprecated in /Users/sachin/wardtwenty_four/wp-includes/formatting.php on line 4387
[25-Aug-2026 17:19:53 UTC] PHP Deprecated:  Function get_magic_quotes_gpc() is deprecated in /Users/sachin/wardtwenty_four/wp-includes/formatting.php on line 4387
[25-Aug-2026 17:19:53 UTC] PHP Deprecated:  Function get_magic_quotes_gpc() is deprecated in /Users/sachin/wardtwenty_four/wp-includes/formatting.php on line 4387
[25-Aug-2026 17:19:53 UTC] PHP Deprecated:  Function get_magic_quotes_gpc() is deprecated in /Users/sachin/wardtwenty_four/wp-includes/formatting.php on line 4387
[25-Aug-2026 17:19:53 UTC] PHP Deprecated:  Function get_magic_quotes_gpc() is deprecated in /Users/sachin/wardtwenty_four/wp-includes/formatting.php on line 4387
[25-Aug-2026 17:19:53 UTC] PHP Deprecated:  Function get_magic_quotes_gpc() is deprecated in /Users/sachin/wardtwenty_four/wp-includes/formatting.php on line 4387
[25-Aug-2026 17:19:53 UTC] PHP Deprecated:  Function get_magic_quotes_gpc() is deprecated in /Users/sachin/wardtwenty_four/wp-includes/formatting.php on line 4387
[25-Aug-2026 17:19:53 UTC] PHP Deprecated:  Function get_magic_quotes_gpc() is deprecated in /Users/sachin/wardtwenty_four/wp-includes/formatting.php on line 4387
[25-Aug-2026 17:19:53 UTC] PHP Deprecated:  Function get_magic_quotes_gpc() is deprecated in /Users/sachin/wardtwenty_four/wp-includes/formatting.php on line 4387
[25-Aug-2026 17:19:53 UTC] PHP Deprecated:  Function get_magic_quotes_gpc() is deprecated in /Users/sachin/wardtwenty_four/wp-includes/formatting.php on line 4387
[25-Aug-2026 17:19:53 UTC] PHP Deprecated:  Function get_magic_quotes_gpc() is deprecated in /Users/sachin/wardtwenty_four/wp-includes/formatting.php on line 4387
[25-Aug-2026 17:19:53 UTC] PHP Deprecated:  Function get_magic_quotes_gpc() is deprecated in /Users/sachin/wardtwenty_four/wp-includes/formatting.php on line 4387
[25-Aug-2026 17:19:53 UTC] PHP Deprecated:  Function get_magic_quotes_gpc() is deprecated in /Users/sachin/wardtwenty_four/wp-includes/formatting.php on line 4387
[25-Aug-2026 17:19:53 UTC] PHP Deprecated:  Function get_magic_quotes_gpc() is deprecated in /Users/sachin/wardtwenty_four/wp-includes/formatting.php on line 4387
[25-Aug-2026 17:19:53 UTC] PHP Deprecated:  Function get_magic_quotes_gpc() is deprecated in /Users/sachin/wardtwenty_four/wp-includes/formatting.php on line 4387
[25-Aug-2026 17:19:53 UTC] PHP Deprecated:  Function get_magic_quotes_gpc() is deprecated in /Users/sachin/wardtwenty_four/wp-includes/formatting.php on line 4387
[25-Aug-2026 17:19:53 UTC] PHP Deprecated:  Function get_magic_quotes_gpc() is deprecated in /Users/sachin/wardtwenty_four/wp-includes/formatting.php on line 4387
[25-Aug-2026 17:19:53 UTC] PHP Deprecated:  Function get_magic_quotes_gpc() is deprecated in /Users/sachin/wardtwenty_four/wp-includes/formatting.php on line 4387
[25-Aug-2026 17:19:53 UTC] PHP Deprecated:  Function get_magic_quotes_gpc() is deprecated in /Users/sachin/wardtwenty_four/wp-includes/formatting.php on line 4387
[25-Aug-2026 17:19:53 UTC] PHP Deprecated:  Function get_magic_quotes_gpc() is deprecated in /Users/sachin/wardtwenty_four/wp-includes/formatting.php on line 4387
[25-Aug-2026 17:19:53 UTC] PHP Deprecated:  Function get_magic_quotes_gpc() is deprecated in /Users/sachin/wardtwenty_four/wp-includes/formatting.php on line 4387
[25-Aug-2026 17:19:53 UTC] PHP Deprecated:  Function get_magic_quotes_gpc() is deprecated in /Users/sachin/wardtwenty_four/wp-includes/formatting.php on line 4387
[25-Aug-2026 17:19:53 UTC] PHP Deprecated:  Function get_magic_quotes_gpc() is deprecated in /Users/sachin/wardtwenty_four/wp-includes/formatting.php on line 4387
[25-Aug-2026 17:19:53 UTC] PHP Deprecated:  Function get_magic_quotes_gpc() is deprecated in /Users/sachin/wardtwenty_four/wp-includes/formatting.php on line 4387
[25-Aug-2026 17:19:53 UTC] PHP Deprecated:  Function get_magic_quotes_gpc() is deprecated in /Users/sachin/wardtwenty_four/wp-includes/formatting.php on line 4387
[25-Aug-2026 17:19:53 UTC] PHP Deprecated:  Function get_magic_quotes_gpc() is deprecated in /Users/sachin/wardtwenty_four/wp-includes/formatting.php on line 4387
[25-Aug-2026 17:19:53 UTC] PHP Deprecated:  Function get_magic_quotes_gpc() is deprecated in /Users/sachin/wardtwenty_four/wp-includes/formatting.php on line 4387
[25-Aug-2026 17:19:53 UTC] PHP Deprecated:  Function get_magic_quotes_gpc() is deprecated in /Users/sachin/wardtwenty_four/wp-includes/formatting.php on line 4387
[25-Aug-2026 17:19:53 UTC] PHP Deprecated:  Function get_magic_quotes_gpc() is deprecated in /Users/sachin/wardtwenty_four/wp-includes/formatting.php on line 4387
[25-Aug-2026 17:19:53 UTC] PHP Deprecated:  Function get_magic_quotes_gpc() is deprecated in /Users/sachin/wardtwenty_four/wp-includes/formatting.php on line 4387
[25-Aug-2026 17:19:53 UTC] PHP Deprecated:  Function get_magic_quotes_gpc() is deprecated in /Users/sachin/wardtwenty_four/wp-includes/formatting.php on line 4387
[25-Aug-2026 17:19:53 UTC] PHP Deprecated:  Function get_magic_quotes_gpc() is deprecated in /Users/sachin/wardtwenty_four/wp-includes/formatting.php on line 4387
[25-Aug-2026 17:19:53 UTC] PHP Deprecated:  Function get_magic_quotes_gpc() is deprecated in /Users/sachin/wardtwenty_four/wp-includes/formatting.php on line 4387
[25-Aug-2026 17:19:53 UTC] PHP Deprecated:  Function get_magic_quotes_gpc() is deprecated in /Users/sachin/wardtwenty_four/wp-includes/formatting.php on line 4387
[25-Aug-2026 17:19:53 UTC] PHP Deprecated:  Function get_magic_quotes_gpc() is deprecated in /Users/sachin/wardtwenty_four/wp-includes/formatting.php on line 4387
[25-Aug-2026 17:19:53 UTC] PHP Deprecated:  Function get_magic_quotes_gpc() is deprecated in /Users/sachin/wardtwenty_four/wp-includes/formatting.php on line 4387
[25-Aug-2026 17:19:53 UTC] PHP Deprecated:  Function get_magic_quotes_gpc() is deprecated in /Users/sachin/wardtwenty_four/wp-includes/formatting.php on line 4387
[25-Aug-2026 17:19:53 UTC] PHP Deprecated:  Function get_magic_quotes_gpc() is deprecated in /Users/sachin/wardtwenty_four/wp-includes/formatting.php on line 4387
[25-Aug-2026 17:19:53 UTC] PHP Deprecated:  Function get_magic_quotes_gpc() is deprecated in /Users/sachin/wardtwenty_four/wp-includes/formatting.php on line 4387
[25-Aug-2026 17:19:53 UTC] PHP Deprecated:  Function get_magic_quotes_gpc() is deprecated in /Users/sachin/wardtwenty_four/wp-includes/formatting.php on line 4387
[25-Aug-2026 17:19:53 UTC] PHP Deprecated:  Function get_magic_quotes_gpc() is deprecated in /Users/sachin/wardtwenty_four/wp-includes/formatting.php on line 4387
[25-Aug-2026 17:19:53 UTC] PHP Deprecated:  Function get_magic_quotes_gpc() is deprecated in /Users/sachin/wardtwenty_four/wp-includes/formatting.php on line 4387
[25-Aug-2026 17:19:53 UTC] PHP Deprecated:  Function get_magic_quotes_gpc() is deprecated in /Users/sachin/wardtwenty_four/wp-includes/formatting.php on line 4387
[25-Aug-2026 17:19:53 UTC] PHP Deprecated:  Function get_magic_quotes_gpc() is deprecated in /Users/sachin/wardtwenty_four/wp-includes/formatting.php on line 4387
[25-Aug-2026 17:19:53 UTC] PHP Deprecated:  Function get_magic_quotes_gpc() is deprecated in /Users/sachin/wardtwenty_four/wp-includes/formatting.php on line 4387
[25-Aug-2026 17:19:53 UTC] PHP Deprecated:  Function get_magic_quotes_gpc() is deprecated in /Users/sachin/wardtwenty_four/wp-includes/formatting.php on line 4387
[25-Aug-2026 17:19:53 UTC] PHP Deprecated:  Function get_magic_quotes_gpc() is deprecated in /Users/sachin/wardtwenty_four/wp-includes/formatting.php on line 4387
[25-Aug-2026 17:19:53 UTC] PHP Deprecated:  Function get_magic_quotes_gpc() is deprecated in /Users/sachin/wardtwenty_four/wp-includes/formatting.php on line 4387
[25-Aug-2026 17:19:53 UTC] PHP Deprecated:  Function get_magic_quotes_gpc() is deprecated in /Users/sachin/wardtwenty_four/wp-includes/formatting.php on line 4387
[25-Aug-2026 17:19:53 UTC] PHP Deprecated:  Function get_magic_quotes_gpc() is deprecated in /Users/sachin/wardtwenty_four/wp-includes/formatting.php on line 4387
[25-Aug-2026 17:19:53 UTC] PHP Deprecated:  Function get_magic_quotes_gpc() is deprecated in /Users/sachin/wardtwenty_four/wp-includes/formatting.php on line 4387
[25-Aug-2026 17:19:53 UTC] PHP Deprecated:  Function get_magic_quotes_gpc() is deprecated in /Users/sachin/wardtwenty_four/wp-includes/formatting.php on line 4387
[25-Aug-2026 17:19:53 UTC] PHP Deprecated:  Function get_magic_quotes_gpc() is deprecated in /Users/sachin/wardtwenty_four/wp-includes/formatting.php on line 4387
[25-Aug-2026 17:19:53 UTC] PHP Deprecated:  Function get_magic_quotes_gpc() is deprecated in /Users/sachin/wardtwenty_four/wp-includes/formatting.php on line 4387
[25-Aug-2026 17:19:53 UTC] PHP Deprecated:  Function get_magic_quotes_gpc() is deprecated in /Users/sachin/wardtwenty_four/wp-includes/formatting.php on line 4387
[25-Aug-2026 17:19:53 UTC] PHP Deprecated:  Function get_magic_quotes_gpc() is deprecated in /Users/sachin/wardtwenty_four/wp-includes/formatting.php on line 4387
[25-Aug-2026 17:19:53 UTC] PHP Deprecated:  Function get_magic_quotes_gpc() is deprecated in /Users/sachin/wardtwenty_four/wp-includes/formatting.php on line 4387
[25-Aug-2026 17:19:53 UTC] PHP Deprecated:  Function get_magic_quotes_gpc() is deprecated in /Users/sachin/wardtwenty_four/wp-includes/formatting.php on line 4387
[25-Aug-2026 17:19:53 UTC] PHP Deprecated:  Function get_magic_quotes_gpc() is deprecated in /Users/sachin/wardtwenty_four/wp-includes/formatting.php on line 4387
[25-Aug-2026 17:19:53 UTC] PHP Deprecated:  Function get_magic_quotes_gpc() is deprecated in /Users/sachin/wardtwenty_four/wp-includes/formatting.php on line 4387
[25-Aug-2026 17:19:53 UTC] PHP Deprecated:  Function get_magic_quotes_gpc() is deprecated in /Users/sachin/wardtwenty_four/wp-includes/formatting.php on line 4387
[25-Aug-2026 17:19:54 UTC] PHP Deprecated:  Function get_magic_quotes_gpc() is deprecated in /Users/sachin/wardtwenty_four/wp-includes/load.php on line 651
[25-Aug-2026 17:19:54 UTC] PHP Notice:  Trying to access array offset on value of type bool in /Users/sachin/wardtwenty_four/wp-includes/theme.php on line 2241
[25-Aug-2026 17:19:54 UTC] PHP Deprecated:  Function get_magic_quotes_gpc() is deprecated in /Users/sachin/wardtwenty_four/wp-includes/formatting.php on line 4387
[25-Aug-2026 17:19:54 UTC] PHP Deprecated:  Function get_magic_quotes_gpc() is deprecated in /Users/sachin/wardtwenty_four/wp-includes/formatting.php on line 4387
[25-Aug-2026 17:19:58 UTC] PHP Deprecated:  Function get_magic_quotes_gpc() is deprecated in /Users/sachin/wardtwenty_four/wp-includes/load.php on line 651
[25-Aug-2026 17:19:58 UTC] PHP Notice:  Trying to access array offset on value of type bool in /Users/sachin/wardtwenty_four/wp-includes/theme.php on line 2241
[25-Aug-2026 17:19:58 UTC] PHP Deprecated:  Function get_magic_quotes_gpc() is deprecated in /Users/sachin/wardtwenty_four/wp-includes/formatting.php on line 4387
[25-Aug-2026 17:19:58 UTC] PHP Deprecated:  Function get_magic_quotes_gpc() is deprecated in /Users/sachin/wardtwenty_four/wp-includes/formatting.php on line 4387
[25-Aug-2026 17:19:58 UTC] PHP Deprecated:  Function get_magic_quotes_gpc() is deprecated in /Users/sachin/wardtwenty_four/wp-includes/load.php on line 651
[25-Aug-2026 17:19:58 UTC] PHP Notice:  Trying to access array offset on value of type bool in /Users/sachin/wardtwenty_four/wp-includes/theme.php on line 2241
[25-Aug-2026 17:19:58 UTC] PHP Deprecated:  Function get_magic_quotes_gpc() is deprecated in /Users/sachin/wardtwenty_four/wp-includes/formatting.php on line 4387
[25-Aug-2026 17:19:58 UTC] PHP Deprecated:  Function get_magic_quotes_gpc() is deprecated in /Users/sachin/wardtwenty_four/wp-includes/formatting.php on line 4387
[25-Aug-2026 17:19:58 UTC] PHP Deprecated:  Function get_magic_quotes_gpc() is deprecated in /Users/sachin/wardtwenty_four/wp-includes/formatting.php on line 4387
[25-Aug-2026 17:19:58 UTC] PHP Deprecated:  Function get_magic_quotes_gpc() is deprecated in /Users/sachin/wardtwenty_four/wp-includes/formatting.php on line 4387
[25-Aug-2026 17:19:58 UTC] PHP Deprecated:  Function get_magic_quotes_gpc() is deprecated in /Users/sachin/wardtwenty_four/wp-includes/formatting.php on line 4387
[25-Aug-2026 17:19:58 UTC] PHP Deprecated:  Function get_magic_quotes_gpc() is deprecated in /Users/sachin/wardtwenty_four/wp-includes/formatting.php on line 4387
[25-Aug-2026 17:19:58 UTC] PHP Deprecated:  Function get_magic_quotes_gpc() is deprecated in /Users/sachin/wardtwenty_four/wp-includes/formatting.php on line 4387
[25-Aug-2026 17:19:58 UTC] PHP Deprecated:  Function get_magic_quotes_gpc() is deprecated in /Users/sachin/wardtwenty_four/wp-includes/formatting.php on line 4387
[25-Aug-2026 17:19:58 UTC] PHP Deprecated:  Function get_magic_quotes_gpc() is deprecated in /Users/sachin/wardtwenty_four/wp-includes/formatting.php on line 4387
[25-Aug-2026 17:19:58 UTC] PHP Deprecated:  Function get_magic_quotes_gpc() is deprecated in /Users/sachin/wardtwenty_four/wp-includes/formatting.php on line 4387
[25-Aug-2026 17:19:58 UTC] PHP Deprecated:  Function get_magic_quotes_gpc() is deprecated in /Users/sachin/wardtwenty_four/wp-includes/formatting.php on line 4387
[25-Aug-2026 17:19:58 UTC] PHP Deprecated:  Function get_magic_quotes_gpc() is deprecated in /Users/sachin/wardtwenty_four/wp-includes/formatting.php on line 4387
[25-Aug-2026 17:19:58 UTC] PHP Deprecated:  Function get_magic_quotes_gpc() is deprecated in /Users/sachin/wardtwenty_four/wp-includes/formatting.php on line 4387
[25-Aug-2026 17:19:58 UTC] PHP Deprecated:  Function get_magic_quotes_gpc() is deprecated in /Users/sachin/wardtwenty_four/wp-includes/formatting.php on line 4387
[25-Aug-2026 17:19:58 UTC] PHP Deprecated:  Function get_magic_quotes_gpc() is deprecated in /Users/sachin/wardtwenty_four/wp-includes/formatting.php on line 2448
[25-Aug-2026 17:19:58 UTC] PHP Deprecated:  Function get_magic_quotes_gpc() is deprecated in /Users/sachin/wardtwenty_four/wp-includes/formatting.php on line 4387
[25-Aug-2026 17:19:58 UTC] PHP Deprecated:  Function get_magic_quotes_gpc() is deprecated in /Users/sachin/wardtwenty_four/wp-includes/formatting.php on line 4387
[25-Aug-2026 17:19:58 UTC] PHP Deprecated:  Function get_magic_quotes_gpc() is deprecated in /Users/sachin/wardtwenty_four/wp-includes/formatting.php on line 4387
[25-Aug-2026 17:19:58 UTC] PHP Deprecated:  Function get_magic_quotes_gpc() is deprecated in /Users/sachin/wardtwenty_four/wp-includes/formatting.php on line 4387
[25-Aug-2026 17:19:58 UTC] PHP Deprecated:  Function get_magic_quotes_gpc() is deprecated in /Users/sachin/wardtwenty_four/wp-includes/load.php on line 651
[25-Aug-2026 17:19:58 UTC] PHP Notice:  Trying to access array offset on value of type bool in /Users/sachin/wardtwenty_four/wp-includes/theme.php on line 2241
[25-Aug-2026 17:19:58 UTC] PHP Deprecated:  Function get_magic_quotes_gpc() is deprecated in /Users/sachin/wardtwenty_four/wp-includes/formatting.php on line 4387
[25-Aug-2026 17:19:58 UTC] PHP Deprecated:  Function get_magic_quotes_gpc() is deprecated in /Users/sachin/wardtwenty_four/wp-includes/formatting.php on line 4387
[25-Aug-2026 17:19:58 UTC] PHP Deprecated:  Function get_magic_quotes_gpc() is deprecated in /Users/sachin/wardtwenty_four/wp-includes/formatting.php on line 4387
[25-Aug-2026 17:19:58 UTC] PHP Deprecated:  Function get_magic_quotes_gpc() is deprecated in /Users/sachin/wardtwenty_four/wp-includes/formatting.php on line 4387
[25-Aug-2026 17:19:58 UTC] PHP Deprecated:  Function get_magic_quotes_gpc() is deprecated in /Users/sachin/wardtwenty_four/wp-includes/formatting.php on line 4387
[25-Aug-2026 17:19:58 UTC] PHP Deprecated:  Function get_magic_quotes_gpc() is deprecated in /Users/sachin/wardtwenty_four/wp-includes/formatting.php on line 4387
[25-Aug-2026 17:19:58 UTC] PHP Deprecated:  Function get_magic_quotes_gpc() is deprecated in /Users/sachin/wardtwenty_four/wp-includes/formatting.php on line 4387
[25-Aug-2026 17:19:58 UTC] PHP Deprecated:  Function get_magic_quotes_gpc() is deprecated in /Users/sachin/wardtwenty_four/wp-includes/formatting.php on line 4387
[25-Aug-2026 17:19:58 UTC] PHP Deprecated:  Function get_magic_quotes_gpc() is deprecated in /Users/sachin/wardtwenty_four/wp-includes/formatting.php on line 4387
[25-Aug-2026 17:19:58 UTC] PHP Deprecated:  Function get_magic_quotes_gpc() is deprecated in /Users/sachin/wardtwenty_four/wp-includes/formatting.php on line 4387
[25-Aug-2026 17:19:58 UTC] PHP Deprecated:  Function get_magic_quotes_gpc() is deprecated in /Users/sachin/wardtwenty_four/wp-includes/formatting.php on line 4387
[25-Aug-2026 17:19:58 UTC] PHP Deprecated:  Function get_magic_quotes_gpc() is deprecated in /Users/sachin/wardtwenty_four/wp-includes/formatting.php on line 4387
[25-Aug-2026 17:19:58 UTC] PHP Deprecated:  Function get_magic_quotes_gpc() is deprecated in /Users/sachin/wardtwenty_four/wp-includes/formatting.php on line 4387
[25-Aug-2026 17:19:58 UTC] PHP Deprecated:  Function get_magic_quotes_gpc() is deprecated in /Users/sachin/wardtwenty_four/wp-includes/formatting.php on line 4387
[25-Aug-2026 17:19:58 UTC] PHP Deprecated:  Function get_magic_quotes_gpc() is deprecated in /Users/sachin/wardtwenty_four/wp-includes/formatting.php on line 4387
[25-Aug-2026 17:19:58 UTC] PHP Deprecated:  Function get_magic_quotes_gpc() is deprecated in /Users/sachin/wardtwenty_four/wp-includes/formatting.php on line 4387
[25-Aug-2026 17:19:58 UTC] PHP Deprecated:  Function get_magic_quotes_gpc() is deprecated in /Users/sachin/wardtwenty_four/wp-includes/formatting.php on line 4387
[25-Aug-2026 17:19:58 UTC] PHP Deprecated:  Function get_magic_quotes_gpc() is deprecated in /Users/sachin/wardtwenty_four/wp-includes/formatting.php on line 4387
[25-Aug-2026 17:19:58 UTC] PHP Deprecated:  Function get_magic_quotes_gpc() is deprecated in /Users/sachin/wardtwenty_four/wp-includes/formatting.php on line 4387
[25-Aug-2026 17:19:58 UTC] PHP Deprecated:  Function get_magic_quotes_gpc() is deprecated in /Users/sachin/wardtwenty_four/wp-includes/formatting.php on line 4387
[25-Aug-2026 17:19:58 UTC] PHP Deprecated:  Function get_magic_quotes_gpc() is deprecated in /Users/sachin/wardtwenty_four/wp-includes/load.php on line 651
[25-Aug-2026 17:19:58 UTC] PHP Notice:  Trying to access array offset on value of type bool in /Users/sachin/wardtwenty_four/wp-includes/theme.php on line 2241
[25-Aug-2026 17:19:58 UTC] PHP Deprecated:  Function get_magic_quotes_gpc() is deprecated in /Users/sachin/wardtwenty_four/wp-includes/formatting.php on line 4387
[25-Aug-2026 17:19:58 UTC] PHP Deprecated:  Function get_magic_quotes_gpc() is deprecated in /Users/sachin/wardtwenty_four/wp-includes/formatting.php on line 4387
[25-Aug-2026 17:19:58 UTC] PHP Deprecated:  Function get_magic_quotes_gpc() is deprecated in /Users/sachin/wardtwenty_four/wp-includes/formatting.php on line 4387
[25-Aug-2026 17:19:58 UTC] PHP Deprecated:  Function get_magic_quotes_gpc() is deprecated in /Users/sachin/wardtwenty_four/wp-includes/formatting.php on line 4387
[25-Aug-2026 17:19:58 UTC] PHP Deprecated:  Function get_magic_quotes_gpc() is deprecated in /Users/sachin/wardtwenty_four/wp-includes/formatting.php on line 4387
[25-Aug-2026 17:19:58 UTC] PHP Deprecated:  Function get_magic_quotes_gpc() is deprecated in /Users/sachin/wardtwenty_four/wp-includes/formatting.php on line 4387
[25-Aug-2026 17:19:58 UTC] PHP Deprecated:  Function get_magic_quotes_gpc() is deprecated in /Users/sachin/wardtwenty_four/wp-includes/formatting.php on line 4387
[25-Aug-2026 17:19:58 UTC] PHP Deprecated:  Function get_magic_quotes_gpc() is deprecated in /Users/sachin/wardtwenty_four/wp-includes/formatting.php on line 4387
[25-Aug-2026 17:19:58 UTC] PHP Deprecated:  Function get_magic_quotes_gpc() is deprecated in /Users/sachin/wardtwenty_four/wp-includes/formatting.php on line 4387
[25-Aug-2026 17:19:58 UTC] PHP Deprecated:  Function get_magic_quotes_gpc() is deprecated in /Users/sachin/wardtwenty_four/wp-includes/formatting.php on line 4387
[25-Aug-2026 17:19:58 UTC] PHP Deprecated:  Function get_magic_quotes_gpc() is deprecated in /Users/sachin/wardtwenty_four/wp-includes/formatting.php on line 4387
[25-Aug-2026 17:19:58 UTC] PHP Deprecated:  Function get_magic_quotes_gpc() is deprecated in /Users/sachin/wardtwenty_four/wp-includes/formatting.php on line 4387
[25-Aug-2026 17:19:58 UTC] PHP Deprecated:  Function get_magic_quotes_gpc() is deprecated in /Users/sachin/wardtwenty_four/wp-includes/formatting.php on line 4387
[25-Aug-2026 17:19:58 UTC] PHP Deprecated:  Function get_magic_quotes_gpc() is deprecated in /Users/sachin/wardtwenty_four/wp-includes/formatting.php on line 4387
[25-Aug-2026 17:19:58 UTC] PHP Deprecated:  Function get_magic_quotes_gpc() is deprecated in /Users/sachin/wardtwenty_four/wp-includes/formatting.php on line 4387
[25-Aug-2026 17:19:58 UTC] PHP Deprecated:  Function get_magic_quotes_gpc() is deprecated in /Users/sachin/wardtwenty_four/wp-includes/formatting.php on line 4387
[25-Aug-2026 17:19:58 UTC] PHP Deprecated:  Function get_magic_quotes_gpc() is deprecated in /Users/sachin/wardtwenty_four/wp-includes/formatting.php on line 4387
[25-Aug-2026 17:19:58 UTC] PHP Deprecated:  Function get_magic_quotes_gpc() is deprecated in /Users/sachin/wardtwenty_four/wp-includes/formatting.php on line 4387
[25-Aug-2026 17:19:58 UTC] PHP Deprecated:  Function get_magic_quotes_gpc() is deprecated in /Users/sachin/wardtwenty_four/wp-includes/formatting.php on line 4387
[25-Aug-2026 17:19:58 UTC] PHP Deprecated:  Function get_magic_quotes_gpc() is deprecated in /Users/sachin/wardtwenty_four/wp-includes/formatting.php on line 4387
[25-Aug-2026 17:19:58 UTC] PHP Deprecated:  Function get_magic_quotes_gpc() is deprecated in /Users/sachin/wardtwenty_four/wp-includes/load.php on line 651
[25-Aug-2026 17:19:58 UTC] PHP Notice:  Trying to access array offset on value of type bool in /Users/sachin/wardtwenty_four/wp-includes/theme.php on line 2241
[25-Aug-2026 17:19:58 UTC] PHP Deprecated:  Function get_magic_quotes_gpc() is deprecated in /Users/sachin/wardtwenty_four/wp-includes/formatting.php on line 4387
[25-Aug-2026 17:19:58 UTC] PHP Deprecated:  Function get_magic_quotes_gpc() is deprecated in /Users/sachin/wardtwenty_four/wp-includes/formatting.php on line 4387
[25-Aug-2026 17:19:58 UTC] PHP Deprecated:  Function get_magic_quotes_gpc() is deprecated in /Users/sachin/wardtwenty_four/wp-includes/formatting.php on line 4387
[25-Aug-2026 17:19:58 UTC] PHP Deprecated:  Function get_magic_quotes_gpc() is deprecated in /Users/sachin/wardtwenty_four/wp-includes/formatting.php on line 4387
[25-Aug-2026 17:19:58 UTC] PHP Deprecated:  Function get_magic_quotes_gpc() is deprecated in /Users/sachin/wardtwenty_four/wp-includes/formatting.php on line 4387
[25-Aug-2026 17:19:58 UTC] PHP Deprecated:  Function get_magic_quotes_gpc() is deprecated in /Users/sachin/wardtwenty_four/wp-includes/formatting.php on line 4387
[25-Aug-2026 17:19:58 UTC] PHP Deprecated:  Function get_magic_quotes_gpc() is deprecated in /Users/sachin/wardtwenty_four/wp-includes/formatting.php on line 4387
[25-Aug-2026 17:19:58 UTC] PHP Deprecated:  Function get_magic_quotes_gpc() is deprecated in /Users/sachin/wardtwenty_four/wp-includes/formatting.php on line 4387
[25-Aug-2026 17:19:58 UTC] PHP Deprecated:  Function get_magic_quotes_gpc() is deprecated in /Users/sachin/wardtwenty_four/wp-includes/formatting.php on line 4387
[25-Aug-2026 17:19:58 UTC] PHP Deprecated:  Function get_magic_quotes_gpc() is deprecated in /Users/sachin/wardtwenty_four/wp-includes/formatting.php on line 4387
[25-Aug-2026 17:19:58 UTC] PHP Deprecated:  Function get_magic_quotes_gpc() is deprecated in /Users/sachin/wardtwenty_four/wp-includes/formatting.php on line 4387
[25-Aug-2026 17:19:58 UTC] PHP Deprecated:  Function get_magic_quotes_gpc() is deprecated in /Users/sachin/wardtwenty_four/wp-includes/formatting.php on line 4387
[25-Aug-2026 17:19:58 UTC] PHP Deprecated:  Function get_magic_quotes_gpc() is deprecated in /Users/sachin/wardtwenty_four/wp-includes/formatting.php on line 4387
[25-Aug-2026 17:19:58 UTC] PHP Deprecated:  Function get_magic_quotes_gpc() is deprecated in /Users/sachin/wardtwenty_four/wp-includes/formatting.php on line 4387
[25-Aug-2026 17:19:58 UTC] PHP Deprecated:  Function get_magic_quotes_gpc() is deprecated in /Users/sachin/wardtwenty_four/wp-includes/formatting.php on line 4387
[25-Aug-2026 17:19:58 UTC] PHP Deprecated:  Function get_magic_quotes_gpc() is deprecated in /Users/sachin/wardtwenty_four/wp-includes/formatting.php on line 4387
[25-Aug-2026 17:19:58 UTC] PHP Deprecated:  Function get_magic_quotes_gpc() is deprecated in /Users/sachin/wardtwenty_four/wp-includes/formatting.php on line 4387
[25-Aug-2026 17:19:58 UTC] PHP Deprecated:  Function get_magic_quotes_gpc() is deprecated in /Users/sachin/wardtwenty_four/wp-includes/formatting.php on line 4387
[25-Aug-2026 17:19:58 UTC] PHP Deprecated:  Function get_magic_quotes_gpc() is deprecated in /Users/sachin/wardtwenty_four/wp-includes/formatting.php on line 4387
[25-Aug-2026 17:19:58 UTC] PHP Deprecated:  Function get_magic_quotes_gpc() is deprecated in /Users/sachin/wardtwenty_four/wp-includes/formatting.php on line 4387
[25-Aug-2026 17:19:58 UTC] PHP Deprecated:  Function get_magic_quotes_gpc() is deprecated in /Users/sachin/wardtwenty_four/wp-includes/load.php on line 651
[25-Aug-2026 17:19:58 UTC] PHP Notice:  Trying to access array offset on value of type bool in /Users/sachin/wardtwenty_four/wp-includes/theme.php on line 2241
[25-Aug-2026 17:19:58 UTC] PHP Deprecated:  Function get_magic_quotes_gpc() is deprecated in /Users/sachin/wardtwenty_four/wp-includes/formatting.php on line 4387
[25-Aug-2026 17:19:58 UTC] PHP Deprecated:  Function get_magic_quotes_gpc() is deprecated in /Users/sachin/wardtwenty_four/wp-includes/formatting.php on line 4387
[25-Aug-2026 17:19:58 UTC] PHP Deprecated:  Function get_magic_quotes_gpc() is deprecated in /Users/sachin/wardtwenty_four/wp-includes/formatting.php on line 4387
[25-Aug-2026 17:19:58 UTC] PHP Deprecated:  Function get_magic_quotes_gpc() is deprecated in /Users/sachin/wardtwenty_four/wp-includes/formatting.php on line 4387
[25-Aug-2026 17:19:58 UTC] PHP Deprecated:  Function get_magic_quotes_gpc() is deprecated in /Users/sachin/wardtwenty_four/wp-includes/formatting.php on line 4387
[25-Aug-2026 17:19:58 UTC] PHP Deprecated:  Function get_magic_quotes_gpc() is deprecated in /Users/sachin/wardtwenty_four/wp-includes/formatting.php on line 4387
[25-Aug-2026 17:19:58 UTC] PHP Deprecated:  Function get_magic_quotes_gpc() is deprecated in /Users/sachin/wardtwenty_four/wp-includes/formatting.php on line 4387
[25-Aug-2026 17:19:58 UTC] PHP Deprecated:  Function get_magic_quotes_gpc() is deprecated in /Users/sachin/wardtwenty_four/wp-includes/formatting.php on line 4387
[25-Aug-2026 17:19:58 UTC] PHP Deprecated:  Function get_magic_quotes_gpc() is deprecated in /Users/sachin/wardtwenty_four/wp-includes/formatting.php on line 4387
[25-Aug-2026 17:19:58 UTC] PHP Deprecated:  Function get_magic_quotes_gpc() is deprecated in /Users/sachin/wardtwenty_four/wp-includes/formatting.php on line 4387
[25-Aug-2026 17:19:58 UTC] PHP Deprecated:  Function get_magic_quotes_gpc() is deprecated in /Users/sachin/wardtwenty_four/wp-includes/formatting.php on line 4387
[25-Aug-2026 17:19:58 UTC] PHP Deprecated:  Function get_magic_quotes_gpc() is deprecated in /Users/sachin/wardtwenty_four/wp-includes/formatting.php on line 4387
[25-Aug-2026 17:19:58 UTC] PHP Deprecated:  Function get_magic_quotes_gpc() is deprecated in /Users/sachin/wardtwenty_four/wp-includes/formatting.php on line 4387
[25-Aug-2026 17:19:58 UTC] PHP Deprecated:  Function get_magic_quotes_gpc() is deprecated in /Users/sachin/wardtwenty_four/wp-includes/formatting.php on line 4387
[25-Aug-2026 17:19:58 UTC] PHP Deprecated:  Function get_magic_quotes_gpc() is deprecated in /Users/sachin/wardtwenty_four/wp-includes/formatting.php on line 4387
[25-Aug-2026 17:19:58 UTC] PHP Deprecated:  Function get_magic_quotes_gpc() is deprecated in /Users/sachin/wardtwenty_four/wp-includes/formatting.php on line 4387
[25-Aug-2026 17:19:58 UTC] PHP Deprecated:  Function get_magic_quotes_gpc() is deprecated in /Users/sachin/wardtwenty_four/wp-includes/formatting.php on line 2448
[25-Aug-2026 17:19:58 UTC] PHP Deprecated:  Function get_magic_quotes_gpc() is deprecated in /Users/sachin/wardtwenty_four/wp-includes/formatting.php on line 2448
[25-Aug-2026 17:19:58 UTC] PHP Deprecated:  Function get_magic_quotes_gpc() is deprecated in /Users/sachin/wardtwenty_four/wp-includes/formatting.php on line 4387
[25-Aug-2026 17:19:58 UTC] PHP Deprecated:  Function get_magic_quotes_gpc() is deprecated in /Users/sachin/wardtwenty_four/wp-includes/formatting.php on line 4387
[25-Aug-2026 17:19:58 UTC] PHP Deprecated:  Function get_magic_quotes_gpc() is deprecated in /Users/sachin/wardtwenty_four/wp-includes/formatting.php on line 4387
[25-Aug-2026 17:19:58 UTC] PHP Deprecated:  Function get_magic_quotes_gpc() is deprecated in /Users/sachin/wardtwenty_four/wp-includes/formatting.php on line 4387
[25-Aug-2026 17:19:58 UTC] PHP Deprecated:  Function get_magic_quotes_gpc() is deprecated in /Users/sachin/wardtwenty_four/wp-includes/load.php on line 651
[25-Aug-2026 17:19:58 UTC] PHP Notice:  Trying to access array offset on value of type bool in /Users/sachin/wardtwenty_four/wp-includes/theme.php on line 2241
[25-Aug-2026 17:19:58 UTC] PHP Deprecated:  Function get_magic_quotes_gpc() is deprecated in /Users/sachin/wardtwenty_four/wp-includes/formatting.php on line 4387
[25-Aug-2026 17:19:58 UTC] PHP Deprecated:  Function get_magic_quotes_gpc() is deprecated in /Users/sachin/wardtwenty_four/wp-includes/formatting.php on line 4387
[25-Aug-2026 17:19:58 UTC] PHP Deprecated:  Function get_magic_quotes_gpc() is deprecated in /Users/sachin/wardtwenty_four/wp-includes/formatting.php on line 4387
[25-Aug-2026 17:19:58 UTC] PHP Deprecated:  Function get_magic_quotes_gpc() is deprecated in /Users/sachin/wardtwenty_four/wp-includes/formatting.php on line 4387
[25-Aug-2026 17:19:58 UTC] PHP Deprecated:  Function get_magic_quotes_gpc() is deprecated in /Users/sachin/wardtwenty_four/wp-includes/formatting.php on line 4387
[25-Aug-2026 17:19:58 UTC] PHP Deprecated:  Function get_magic_quotes_gpc() is deprecated in /Users/sachin/wardtwenty_four/wp-includes/formatting.php on line 4387
[25-Aug-2026 17:19:58 UTC] PHP Deprecated:  Function get_magic_quotes_gpc() is deprecated in /Users/sachin/wardtwenty_four/wp-includes/formatting.php on line 4387
[25-Aug-2026 17:19:58 UTC] PHP Deprecated:  Function get_magic_quotes_gpc() is deprecated in /Users/sachin/wardtwenty_four/wp-includes/formatting.php on line 4387
[25-Aug-2026 17:19:58 UTC] PHP Deprecated:  Function get_magic_quotes_gpc() is deprecated in /Users/sachin/wardtwenty_four/wp-includes/formatting.php on line 4387
[25-Aug-2026 17:19:58 UTC] PHP Deprecated:  Function get_magic_quotes_gpc() is deprecated in /Users/sachin/wardtwenty_four/wp-includes/formatting.php on line 4387
[25-Aug-2026 17:19:58 UTC] PHP Deprecated:  Function get_magic_quotes_gpc() is deprecated in /Users/sachin/wardtwenty_four/wp-includes/formatting.php on line 4387
[25-Aug-2026 17:19:58 UTC] PHP Deprecated:  Function get_magic_quotes_gpc() is deprecated in /Users/sachin/wardtwenty_four/wp-includes/formatting.php on line 4387
[25-Aug-2026 17:19:58 UTC] PHP Deprecated:  Function get_magic_quotes_gpc() is deprecated in /Users/sachin/wardtwenty_four/wp-includes/formatting.php on line 4387
[25-Aug-2026 17:19:58 UTC] PHP Deprecated:  Function get_magic_quotes_gpc() is deprecated in /Users/sachin/wardtwenty_four/wp-includes/formatting.php on line 4387
[25-Aug-2026 17:19:58 UTC] PHP Deprecated:  Function get_magic_quotes_gpc() is deprecated in /Users/sachin/wardtwenty_four/wp-includes/formatting.php on line 4387
[25-Aug-2026 17:19:58 UTC] PHP Deprecated:  Function get_magic_quotes_gpc() is deprecated in /Users/sachin/wardtwenty_four/wp-includes/formatting.php on line 4387
[25-Aug-2026 17:19:58 UTC] PHP Deprecated:  Function get_magic_quotes_gpc() is deprecated in /Users/sachin/wardtwenty_four/wp-includes/formatting.php on line 4387
[25-Aug-2026 17:19:58 UTC] PHP Deprecated:  Function get_magic_quotes_gpc() is deprecated in /Users/sachin/wardtwenty_four/wp-includes/formatting.php on line 4387
[25-Aug-2026 17:19:58 UTC] PHP Deprecated:  Function get_magic_quotes_gpc() is deprecated in /Users/sachin/wardtwenty_four/wp-includes/formatting.php on line 4387
[25-Aug-2026 17:19:58 UTC] PHP Deprecated:  Function get_magic_quotes_gpc() is deprecated in /Users/sachin/wardtwenty_four/wp-includes/formatting.php on line 4387
[25-Aug-2026 17:19:58 UTC] PHP Deprecated:  Function get_magic_quotes_gpc() is deprecated in /Users/sachin/wardtwenty_four/wp-includes/load.php on line 651
[25-Aug-2026 17:19:58 UTC] PHP Notice:  Trying to access array offset on value of type bool in /Users/sachin/wardtwenty_four/wp-includes/theme.php on line 2241
[25-Aug-2026 17:19:58 UTC] PHP Deprecated:  Function get_magic_quotes_gpc() is deprecated in /Users/sachin/wardtwenty_four/wp-includes/formatting.php on line 4387
[25-Aug-2026 17:19:58 UTC] PHP Deprecated:  Function get_magic_quotes_gpc() is deprecated in /Users/sachin/wardtwenty_four/wp-includes/formatting.php on line 4387
[25-Aug-2026 17:19:58 UTC] PHP Deprecated:  Function get_magic_quotes_gpc() is deprecated in /Users/sachin/wardtwenty_four/wp-includes/formatting.php on line 4387
[25-Aug-2026 17:19:58 UTC] PHP Deprecated:  Function get_magic_quotes_gpc() is deprecated in /Users/sachin/wardtwenty_four/wp-includes/formatting.php on line 4387
[25-Aug-2026 17:19:58 UTC] PHP Deprecated:  Function get_magic_quotes_gpc() is deprecated in /Users/sachin/wardtwenty_four/wp-includes/formatting.php on line 4387
[25-Aug-2026 17:19:58 UTC] PHP Deprecated:  Function get_magic_quotes_gpc() is deprecated in /Users/sachin/wardtwenty_four/wp-includes/formatting.php on line 4387
[25-Aug-2026 17:19:58 UTC] PHP Deprecated:  Function get_magic_quotes_gpc() is deprecated in /Users/sachin/wardtwenty_four/wp-includes/formatting.php on line 4387
[25-Aug-2026 17:19:58 UTC] PHP Deprecated:  Function get_magic_quotes_gpc() is deprecated in /Users/sachin/wardtwenty_four/wp-includes/formatting.php on line 4387
[25-Aug-2026 17:19:58 UTC] PHP Deprecated:  Function get_magic_quotes_gpc() is deprecated in /Users/sachin/wardtwenty_four/wp-includes/formatting.php on line 4387
[25-Aug-2026 17:19:58 UTC] PHP Deprecated:  Function get_magic_quotes_gpc() is deprecated in /Users/sachin/wardtwenty_four/wp-includes/formatting.php on line 4387
[25-Aug-2026 17:19:58 UTC] PHP Deprecated:  Function get_magic_quotes_gpc() is deprecated in /Users/sachin/wardtwenty_four/wp-includes/formatting.php on line 4387
[25-Aug-2026 17:19:58 UTC] PHP Deprecated:  Function get_magic_quotes_gpc() is deprecated in /Users/sachin/wardtwenty_four/wp-includes/formatting.php on line 4387
[25-Aug-2026 17:19:58 UTC] PHP Deprecated:  Function get_magic_quotes_gpc() is deprecated in /Users/sachin/wardtwenty_four/wp-includes/formatting.php on line 4387
[25-Aug-2026 17:19:58 UTC] PHP Deprecated:  Function get_magic_quotes_gpc() is deprecated in /Users/sachin/wardtwenty_four/wp-includes/formatting.php on line 4387
[25-Aug-2026 17:19:58 UTC] PHP Deprecated:  Function get_magic_quotes_gpc() is deprecated in /Users/sachin/wardtwenty_four/wp-includes/formatting.php on line 4387
[25-Aug-2026 17:19:58 UTC] PHP Deprecated:  Function get_magic_quotes_gpc() is deprecated in /Users/sachin/wardtwenty_four/wp-includes/formatting.php on line 4387
[25-Aug-2026 17:19:58 UTC] PHP Deprecated:  Function get_magic_quotes_gpc() is deprecated in /Users/sachin/wardtwenty_four/wp-includes/formatting.php on line 4387
[25-Aug-2026 17:19:58 UTC] PHP Deprecated:  Function get_magic_quotes_gpc() is deprecated in /Users/sachin/wardtwenty_four/wp-includes/formatting.php on line 4387
[25-Aug-2026 17:19:58 UTC] PHP Deprecated:  Function get_magic_quotes_gpc() is deprecated in /Users/sachin/wardtwenty_four/wp-includes/formatting.php on line 4387
[25-Aug-2026 17:19:58 UTC] PHP Deprecated:  Function get_magic_quotes_gpc() is deprecated in /Users/sachin/wardtwenty_four/wp-includes/formatting.php on line 4387
[25-Aug-2026 17:19:58 UTC] PHP Deprecated:  Function get_magic_quotes_gpc() is deprecated in /Users/sachin/wardtwenty_four/wp-includes/formatting.php on line 4387
[25-Aug-2026 17:19:58 UTC] PHP Deprecated:  Function get_magic_quotes_gpc() is deprecated in /Users/sachin/wardtwenty_four/wp-includes/load.php on line 651
[25-Aug-2026 17:19:58 UTC] PHP Notice:  Trying to access array offset on value of type bool in /Users/sachin/wardtwenty_four/wp-includes/theme.php on line 2241
[25-Aug-2026 17:19:58 UTC] PHP Deprecated:  Function get_magic_quotes_gpc() is deprecated in /Users/sachin/wardtwenty_four/wp-includes/formatting.php on line 4387
[25-Aug-2026 17:19:58 UTC] PHP Deprecated:  Function get_magic_quotes_gpc() is deprecated in /Users/sachin/wardtwenty_four/wp-includes/formatting.php on line 4387
[25-Aug-2026 17:19:58 UTC] PHP Deprecated:  Function get_magic_quotes_gpc() is deprecated in /Users/sachin/wardtwenty_four/wp-includes/formatting.php on line 4387
[25-Aug-2026 17:19:58 UTC] PHP Deprecated:  Function get_magic_quotes_gpc() is deprecated in /Users/sachin/wardtwenty_four/wp-includes/formatting.php on line 4387
[25-Aug-2026 17:19:58 UTC] PHP Deprecated:  Function get_magic_quotes_gpc() is deprecated in /Users/sachin/wardtwenty_four/wp-includes/formatting.php on line 4387
[25-Aug-2026 17:19:58 UTC] PHP Deprecated:  Function get_magic_quotes_gpc() is deprecated in /Users/sachin/wardtwenty_four/wp-includes/formatting.php on line 4387
[25-Aug-2026 17:19:58 UTC] PHP Deprecated:  Function get_magic_quotes_gpc() is deprecated in /Users/sachin/wardtwenty_four/wp-includes/formatting.php on line 4387
[25-Aug-2026 17:19:58 UTC] PHP Deprecated:  Function get_magic_quotes_gpc() is deprecated in /Users/sachin/wardtwenty_four/wp-includes/formatting.php on line 4387
[25-Aug-2026 17:19:58 UTC] PHP Deprecated:  Function get_magic_quotes_gpc() is deprecated in /Users/sachin/wardtwenty_four/wp-includes/formatting.php on line 4387
[25-Aug-2026 17:19:58 UTC] PHP Deprecated:  Function get_magic_quotes_gpc() is deprecated in /Users/sachin/wardtwenty_four/wp-includes/formatting.php on line 4387
[25-Aug-2026 17:19:58 UTC] PHP Deprecated:  Function get_magic_quotes_gpc() is deprecated in /Users/sachin/wardtwenty_four/wp-includes/formatting.php on line 4387
[25-Aug-2026 17:19:58 UTC] PHP Deprecated:  Function get_magic_quotes_gpc() is deprecated in /Users/sachin/wardtwenty_four/wp-includes/formatting.php on line 4387
[25-Aug-2026 17:19:58 UTC] PHP Deprecated:  Function get_magic_quotes_gpc() is deprecated in /Users/sachin/wardtwenty_four/wp-includes/formatting.php on line 4387
[25-Aug-2026 17:19:58 UTC] PHP Deprecated:  Function get_magic_quotes_gpc() is deprecated in /Users/sachin/wardtwenty_four/wp-includes/formatting.php on line 4387
[25-Aug-2026 17:19:58 UTC] PHP Deprecated:  Function get_magic_quotes_gpc() is deprecated in /Users/sachin/wardtwenty_four/wp-includes/formatting.php on line 4387
[25-Aug-2026 17:19:58 UTC] PHP Deprecated:  Function get_magic_quotes_gpc() is deprecated in /Users/sachin/wardtwenty_four/wp-includes/formatting.php on line 4387
[25-Aug-2026 17:19:58 UTC] PHP Deprecated:  Function get_magic_quotes_gpc() is deprecated in /Users/sachin/wardtwenty_four/wp-includes/formatting.php on line 4387
[25-Aug-2026 17:19:58 UTC] PHP Deprecated:  Function get_magic_quotes_gpc() is deprecated in /Users/sachin/wardtwenty_four/wp-includes/formatting.php on line 4387
[25-Aug-2026 17:19:58 UTC] PHP Deprecated:  Function get_magic_quotes_gpc() is deprecated in /Users/sachin/wardtwenty_four/wp-includes/formatting.php on line 4387
[25-Aug-2026 17:19:58 UTC] PHP Deprecated:  Function get_magic_quotes_gpc() is deprecated in /Users/sachin/wardtwenty_four/wp-includes/formatting.php on line 4387
[25-Aug-2026 17:19:58 UTC] PHP Deprecated:  Function get_magic_quotes_gpc() is deprecated in /Users/sachin/wardtwenty_four/wp-includes/load.php on line 651
[25-Aug-2026 17:19:58 UTC] PHP Notice:  Trying to access array offset on value of type bool in /Users/sachin/wardtwenty_four/wp-includes/theme.php on line 2241
[25-Aug-2026 17:19:58 UTC] PHP Deprecated:  Function get_magic_quotes_gpc() is deprecated in /Users/sachin/wardtwenty_four/wp-includes/formatting.php on line 4387
[25-Aug-2026 17:19:58 UTC] PHP Deprecated:  Function get_magic_quotes_gpc() is deprecated in /Users/sachin/wardtwenty_four/wp-includes/formatting.php on line 4387
[25-Aug-2026 17:19:58 UTC] PHP Deprecated:  Function get_magic_quotes_gpc() is deprecated in /Users/sachin/wardtwenty_four/wp-includes/formatting.php on line 4387
[25-Aug-2026 17:19:58 UTC] PHP Deprecated:  Function get_magic_quotes_gpc() is deprecated in /Users/sachin/wardtwenty_four/wp-includes/formatting.php on line 4387
[25-Aug-2026 17:19:58 UTC] PHP Deprecated:  Function get_magic_quotes_gpc() is deprecated in /Users/sachin/wardtwenty_four/wp-includes/formatting.php on line 4387
[25-Aug-2026 17:19:58 UTC] PHP Deprecated:  Function get_magic_quotes_gpc() is deprecated in /Users/sachin/wardtwenty_four/wp-includes/formatting.php on line 4387
[25-Aug-2026 17:19:58 UTC] PHP Deprecated:  Function get_magic_quotes_gpc() is deprecated in /Users/sachin/wardtwenty_four/wp-includes/formatting.php on line 4387
[25-Aug-2026 17:19:58 UTC] PHP Deprecated:  Function get_magic_quotes_gpc() is deprecated in /Users/sachin/wardtwenty_four/wp-includes/formatting.php on line 4387
[25-Aug-2026 17:19:58 UTC] PHP Deprecated:  Function get_magic_quotes_gpc() is deprecated in /Users/sachin/wardtwenty_four/wp-includes/formatting.php on line 4387
[25-Aug-2026 17:19:58 UTC] PHP Deprecated:  Function get_magic_quotes_gpc() is deprecated in /Users/sachin/wardtwenty_four/wp-includes/formatting.php on line 4387
[25-Aug-2026 17:19:58 UTC] PHP Deprecated:  Function get_magic_quotes_gpc() is deprecated in /Users/sachin/wardtwenty_four/wp-includes/formatting.php on line 4387
[25-Aug-2026 17:19:58 UTC] PHP Deprecated:  Function get_magic_quotes_gpc() is deprecated in /Users/sachin/wardtwenty_four/wp-includes/formatting.php on line 4387
[25-Aug-2026 17:19:58 UTC] PHP Deprecated:  Function get_magic_quotes_gpc() is deprecated in /Users/sachin/wardtwenty_four/wp-includes/formatting.php on line 4387
[25-Aug-2026 17:19:58 UTC] PHP Deprecated:  Function get_magic_quotes_gpc() is deprecated in /Users/sachin/wardtwenty_four/wp-includes/formatting.php on line 4387
[25-Aug-2026 17:19:58 UTC] PHP Deprecated:  Function get_magic_quotes_gpc() is deprecated in /Users/sachin/wardtwenty_four/wp-includes/formatting.php on line 4387
[25-Aug-2026 17:19:58 UTC] PHP Deprecated:  Function get_magic_quotes_gpc() is deprecated in /Users/sachin/wardtwenty_four/wp-includes/formatting.php on line 4387
[25-Aug-2026 17:19:58 UTC] PHP Deprecated:  Function get_magic_quotes_gpc() is deprecated in /Users/sachin/wardtwenty_four/wp-includes/formatting.php on line 4387
[25-Aug-2026 17:19:58 UTC] PHP Deprecated:  Function get_magic_quotes_gpc() is deprecated in /Users/sachin/wardtwenty_four/wp-includes/formatting.php on line 4387
[25-Aug-2026 17:19:58 UTC] PHP Deprecated:  Function get_magic_quotes_gpc() is deprecated in /Users/sachin/wardtwenty_four/wp-includes/formatting.php on line 4387
[25-Aug-2026 17:19:58 UTC] PHP Deprecated:  Function get_magic_quotes_gpc() is deprecated in /Users/sachin/wardtwenty_four/wp-includes/formatting.php on line 4387
[25-Aug-2026 17:19:58 UTC] PHP Deprecated:  Function get_magic_quotes_gpc() is deprecated in /Users/sachin/wardtwenty_four/wp-includes/load.php on line 651
[25-Aug-2026 17:19:58 UTC] PHP Notice:  Trying to access array offset on value of type bool in /Users/sachin/wardtwenty_four/wp-includes/theme.php on line 2241
[25-Aug-2026 17:19:58 UTC] PHP Deprecated:  Function get_magic_quotes_gpc() is deprecated in /Users/sachin/wardtwenty_four/wp-includes/formatting.php on line 4387
[25-Aug-2026 17:19:58 UTC] PHP Deprecated:  Function get_magic_quotes_gpc() is deprecated in /Users/sachin/wardtwenty_four/wp-includes/formatting.php on line 4387
[25-Aug-2026 17:19:58 UTC] PHP Deprecated:  Function get_magic_quotes_gpc() is deprecated in /Users/sachin/wardtwenty_four/wp-includes/formatting.php on line 4387
[25-Aug-2026 17:19:58 UTC] PHP Deprecated:  Function get_magic_quotes_gpc() is deprecated in /Users/sachin/wardtwenty_four/wp-includes/formatting.php on line 4387
[25-Aug-2026 17:19:58 UTC] PHP Deprecated:  Function get_magic_quotes_gpc() is deprecated in /Users/sachin/wardtwenty_four/wp-includes/formatting.php on line 4387
[25-Aug-2026 17:19:58 UTC] PHP Deprecated:  Function get_magic_quotes_gpc() is deprecated in /Users/sachin/wardtwenty_four/wp-includes/formatting.php on line 4387
[25-Aug-2026 17:19:58 UTC] PHP Deprecated:  Function get_magic_quotes_gpc() is deprecated in /Users/sachin/wardtwenty_four/wp-includes/formatting.php on line 4387
[25-Aug-2026 17:19:58 UTC] PHP Deprecated:  Function get_magic_quotes_gpc() is deprecated in /Users/sachin/wardtwenty_four/wp-includes/formatting.php on line 4387
[25-Aug-2026 17:19:58 UTC] PHP Deprecated:  Function get_magic_quotes_gpc() is deprecated in /Users/sachin/wardtwenty_four/wp-includes/formatting.php on line 4387
[25-Aug-2026 17:19:58 UTC] PHP Deprecated:  Function get_magic_quotes_gpc() is deprecated in /Users/sachin/wardtwenty_four/wp-includes/formatting.php on line 4387
[25-Aug-2026 17:19:58 UTC] PHP Deprecated:  Function get_magic_quotes_gpc() is deprecated in /Users/sachin/wardtwenty_four/wp-includes/formatting.php on line 4387
[25-Aug-2026 17:19:58 UTC] PHP Deprecated:  Function get_magic_quotes_gpc() is deprecated in /Users/sachin/wardtwenty_four/wp-includes/formatting.php on line 4387
[25-Aug-2026 17:19:58 UTC] PHP Deprecated:  Function get_magic_quotes_gpc() is deprecated in /Users/sachin/wardtwenty_four/wp-includes/formatting.php on line 4387
[25-Aug-2026 17:19:58 UTC] PHP Deprecated:  Function get_magic_quotes_gpc() is deprecated in /Users/sachin/wardtwenty_four/wp-includes/formatting.php on line 4387
[25-Aug-2026 17:19:58 UTC] PHP Deprecated:  Function get_magic_quotes_gpc() is deprecated in /Users/sachin/wardtwenty_four/wp-includes/formatting.php on line 4387
[25-Aug-2026 17:19:58 UTC] PHP Deprecated:  Function get_magic_quotes_gpc() is deprecated in /Users/sachin/wardtwenty_four/wp-includes/formatting.php on line 4387
[25-Aug-2026 17:19:58 UTC] PHP Deprecated:  Function get_magic_quotes_gpc() is deprecated in /Users/sachin/wardtwenty_four/wp-includes/formatting.php on line 2448
[25-Aug-2026 17:19:58 UTC] PHP Deprecated:  Function get_magic_quotes_gpc() is deprecated in /Users/sachin/wardtwenty_four/wp-includes/formatting.php on line 4387
[25-Aug-2026 17:19:58 UTC] PHP Deprecated:  Function get_magic_quotes_gpc() is deprecated in /Users/sachin/wardtwenty_four/wp-includes/formatting.php on line 4387
[25-Aug-2026 17:19:58 UTC] PHP Deprecated:  Function get_magic_quotes_gpc() is deprecated in /Users/sachin/wardtwenty_four/wp-includes/formatting.php on line 4387
[25-Aug-2026 17:19:58 UTC] PHP Deprecated:  Function get_magic_quotes_gpc() is deprecated in /Users/sachin/wardtwenty_four/wp-includes/formatting.php on line 4387
[25-Aug-2026 17:19:58 UTC] PHP Deprecated:  Function get_magic_quotes_gpc() is deprecated in /Users/sachin/wardtwenty_four/wp-includes/load.php on line 651
[25-Aug-2026 17:19:58 UTC] PHP Notice:  Trying to access array offset on value of type bool in /Users/sachin/wardtwenty_four/wp-includes/theme.php on line 2241
[25-Aug-2026 17:19:58 UTC] PHP Deprecated:  Function get_magic_quotes_gpc() is deprecated in /Users/sachin/wardtwenty_four/wp-includes/formatting.php on line 4387
[25-Aug-2026 17:19:58 UTC] PHP Deprecated:  Function get_magic_quotes_gpc() is deprecated in /Users/sachin/wardtwenty_four/wp-includes/formatting.php on line 4387
[25-Aug-2026 17:19:58 UTC] PHP Deprecated:  Function get_magic_quotes_gpc() is deprecated in /Users/sachin/wardtwenty_four/wp-includes/formatting.php on line 4387
[25-Aug-2026 17:19:58 UTC] PHP Deprecated:  Function get_magic_quotes_gpc() is deprecated in /Users/sachin/wardtwenty_four/wp-includes/formatting.php on line 4387
[25-Aug-2026 17:19:58 UTC] PHP Deprecated:  Function get_magic_quotes_gpc() is deprecated in /Users/sachin/wardtwenty_four/wp-includes/formatting.php on line 4387
[25-Aug-2026 17:19:58 UTC] PHP Deprecated:  Function get_magic_quotes_gpc() is deprecated in /Users/sachin/wardtwenty_four/wp-includes/formatting.php on line 4387
[25-Aug-2026 17:19:58 UTC] PHP Deprecated:  Function get_magic_quotes_gpc() is deprecated in /Users/sachin/wardtwenty_four/wp-includes/formatting.php on line 4387
[25-Aug-2026 17:19:58 UTC] PHP Deprecated:  Function get_magic_quotes_gpc() is deprecated in /Users/sachin/wardtwenty_four/wp-includes/formatting.php on line 4387
[25-Aug-2026 17:19:58 UTC] PHP Deprecated:  Function get_magic_quotes_gpc() is deprecated in /Users/sachin/wardtwenty_four/wp-includes/formatting.php on line 4387
[25-Aug-2026 17:19:58 UTC] PHP Deprecated:  Function get_magic_quotes_gpc() is deprecated in /Users/sachin/wardtwenty_four/wp-includes/formatting.php on line 4387
[25-Aug-2026 17:19:58 UTC] PHP Deprecated:  Function get_magic_quotes_gpc() is deprecated in /Users/sachin/wardtwenty_four/wp-includes/formatting.php on line 4387
[25-Aug-2026 17:19:58 UTC] PHP Deprecated:  Function get_magic_quotes_gpc() is deprecated in /Users/sachin/wardtwenty_four/wp-includes/formatting.php on line 4387
[25-Aug-2026 17:19:58 UTC] PHP Deprecated:  Function get_magic_quotes_gpc() is deprecated in /Users/sachin/wardtwenty_four/wp-includes/formatting.php on line 4387
[25-Aug-2026 17:19:58 UTC] PHP Deprecated:  Function get_magic_quotes_gpc() is deprecated in /Users/sachin/wardtwenty_four/wp-includes/formatting.php on line 4387
[25-Aug-2026 17:19:58 UTC] PHP Deprecated:  Function get_magic_quotes_gpc() is deprecated in /Users/sachin/wardtwenty_four/wp-includes/formatting.php on line 4387
[25-Aug-2026 17:19:58 UTC] PHP Deprecated:  Function get_magic_quotes_gpc() is deprecated in /Users/sachin/wardtwenty_four/wp-includes/formatting.php on line 4387
[25-Aug-2026 17:19:58 UTC] PHP Deprecated:  Function get_magic_quotes_gpc() is deprecated in /Users/sachin/wardtwenty_four/wp-includes/formatting.php on line 2448
[25-Aug-2026 17:19:58 UTC] PHP Deprecated:  Function get_magic_quotes_gpc() is deprecated in /Users/sachin/wardtwenty_four/wp-includes/formatting.php on line 4387
[25-Aug-2026 17:19:58 UTC] PHP Deprecated:  Function get_magic_quotes_gpc() is deprecated in /Users/sachin/wardtwenty_four/wp-includes/formatting.php on line 4387
[25-Aug-2026 17:19:58 UTC] PHP Deprecated:  Function get_magic_quotes_gpc() is deprecated in /Users/sachin/wardtwenty_four/wp-includes/formatting.php on line 4387
[25-Aug-2026 17:19:58 UTC] PHP Deprecated:  Function get_magic_quotes_gpc() is deprecated in /Users/sachin/wardtwenty_four/wp-includes/formatting.php on line 4387
[25-Aug-2026 17:19:58 UTC] PHP Deprecated:  Function get_magic_quotes_gpc() is deprecated in /Users/sachin/wardtwenty_four/wp-includes/load.php on line 651
[25-Aug-2026 17:19:58 UTC] PHP Notice:  Trying to access array offset on value of type bool in /Users/sachin/wardtwenty_four/wp-includes/theme.php on line 2241
[25-Aug-2026 17:19:58 UTC] PHP Deprecated:  Function get_magic_quotes_gpc() is deprecated in /Users/sachin/wardtwenty_four/wp-includes/formatting.php on line 4387
[25-Aug-2026 17:19:58 UTC] PHP Deprecated:  Function get_magic_quotes_gpc() is deprecated in /Users/sachin/wardtwenty_four/wp-includes/formatting.php on line 4387
[25-Aug-2026 17:19:58 UTC] PHP Deprecated:  Function get_magic_quotes_gpc() is deprecated in /Users/sachin/wardtwenty_four/wp-includes/formatting.php on line 4387
[25-Aug-2026 17:19:58 UTC] PHP Deprecated:  Function get_magic_quotes_gpc() is deprecated in /Users/sachin/wardtwenty_four/wp-includes/formatting.php on line 4387
[25-Aug-2026 17:19:58 UTC] PHP Deprecated:  Function get_magic_quotes_gpc() is deprecated in /Users/sachin/wardtwenty_four/wp-includes/formatting.php on line 4387
[25-Aug-2026 17:19:58 UTC] PHP Deprecated:  Function get_magic_quotes_gpc() is deprecated in /Users/sachin/wardtwenty_four/wp-includes/formatting.php on line 4387
[25-Aug-2026 17:19:58 UTC] PHP Deprecated:  Function get_magic_quotes_gpc() is deprecated in /Users/sachin/wardtwenty_four/wp-includes/formatting.php on line 4387
[25-Aug-2026 17:19:58 UTC] PHP Deprecated:  Function get_magic_quotes_gpc() is deprecated in /Users/sachin/wardtwenty_four/wp-includes/formatting.php on line 4387
[25-Aug-2026 17:19:58 UTC] PHP Deprecated:  Function get_magic_quotes_gpc() is deprecated in /Users/sachin/wardtwenty_four/wp-includes/formatting.php on line 4387
[25-Aug-2026 17:19:58 UTC] PHP Deprecated:  Function get_magic_quotes_gpc() is deprecated in /Users/sachin/wardtwenty_four/wp-includes/formatting.php on line 4387
[25-Aug-2026 17:19:58 UTC] PHP Deprecated:  Function get_magic_quotes_gpc() is deprecated in /Users/sachin/wardtwenty_four/wp-includes/formatting.php on line 4387
[25-Aug-2026 17:19:58 UTC] PHP Deprecated:  Function get_magic_quotes_gpc() is deprecated in /Users/sachin/wardtwenty_four/wp-includes/formatting.php on line 4387
[25-Aug-2026 17:19:58 UTC] PHP Deprecated:  Function get_magic_quotes_gpc() is deprecated in /Users/sachin/wardtwenty_four/wp-includes/formatting.php on line 4387
[25-Aug-2026 17:19:58 UTC] PHP Deprecated:  Function get_magic_quotes_gpc() is deprecated in /Users/sachin/wardtwenty_four/wp-includes/formatting.php on line 4387
[25-Aug-2026 17:19:58 UTC] PHP Deprecated:  Function get_magic_quotes_gpc() is deprecated in /Users/sachin/wardtwenty_four/wp-includes/formatting.php on line 4387
[25-Aug-2026 17:19:58 UTC] PHP Deprecated:  Function get_magic_quotes_gpc() is deprecated in /Users/sachin/wardtwenty_four/wp-includes/formatting.php on line 4387
[25-Aug-2026 17:19:58 UTC] PHP Deprecated:  Function get_magic_quotes_gpc() is deprecated in /Users/sachin/wardtwenty_four/wp-includes/formatting.php on line 2448
[25-Aug-2026 17:19:58 UTC] PHP Deprecated:  Function get_magic_quotes_gpc() is deprecated in /Users/sachin/wardtwenty_four/wp-includes/formatting.php on line 4387
[25-Aug-2026 17:19:58 UTC] PHP Deprecated:  Function get_magic_quotes_gpc() is deprecated in /Users/sachin/wardtwenty_four/wp-includes/formatting.php on line 4387
[25-Aug-2026 17:19:58 UTC] PHP Deprecated:  Function get_magic_quotes_gpc() is deprecated in /Users/sachin/wardtwenty_four/wp-includes/formatting.php on line 4387
[25-Aug-2026 17:19:58 UTC] PHP Deprecated:  Function get_magic_quotes_gpc() is deprecated in /Users/sachin/wardtwenty_four/wp-includes/formatting.php on line 4387
[25-Aug-2026 17:19:58 UTC] PHP Deprecated:  Function get_magic_quotes_gpc() is deprecated in /Users/sachin/wardtwenty_four/wp-includes/load.php on line 651
[25-Aug-2026 17:19:58 UTC] PHP Notice:  Trying to access array offset on value of type bool in /Users/sachin/wardtwenty_four/wp-includes/theme.php on line 2241
[25-Aug-2026 17:19:58 UTC] PHP Deprecated:  Function get_magic_quotes_gpc() is deprecated in /Users/sachin/wardtwenty_four/wp-includes/formatting.php on line 4387
[25-Aug-2026 17:19:58 UTC] PHP Deprecated:  Function get_magic_quotes_gpc() is deprecated in /Users/sachin/wardtwenty_four/wp-includes/formatting.php on line 4387
[25-Aug-2026 17:19:58 UTC] PHP Deprecated:  Function get_magic_quotes_gpc() is deprecated in /Users/sachin/wardtwenty_four/wp-includes/formatting.php on line 4387
[25-Aug-2026 17:19:58 UTC] PHP Deprecated:  Function get_magic_quotes_gpc() is deprecated in /Users/sachin/wardtwenty_four/wp-includes/formatting.php on line 4387
[25-Aug-2026 17:19:58 UTC] PHP Deprecated:  Function get_magic_quotes_gpc() is deprecated in /Users/sachin/wardtwenty_four/wp-includes/formatting.php on line 4387
[25-Aug-2026 17:19:58 UTC] PHP Deprecated:  Function get_magic_quotes_gpc() is deprecated in /Users/sachin/wardtwenty_four/wp-includes/formatting.php on line 4387
[25-Aug-2026 17:19:58 UTC] PHP Deprecated:  Function get_magic_quotes_gpc() is deprecated in /Users/sachin/wardtwenty_four/wp-includes/formatting.php on line 4387
[25-Aug-2026 17:19:58 UTC] PHP Deprecated:  Function get_magic_quotes_gpc() is deprecated in /Users/sachin/wardtwenty_four/wp-includes/formatting.php on line 4387
[25-Aug-2026 17:19:58 UTC] PHP Deprecated:  Function get_magic_quotes_gpc() is deprecated in /Users/sachin/wardtwenty_four/wp-includes/formatting.php on line 4387
[25-Aug-2026 17:19:58 UTC] PHP Deprecated:  Function get_magic_quotes_gpc() is deprecated in /Users/sachin/wardtwenty_four/wp-includes/formatting.php on line 4387
[25-Aug-2026 17:19:58 UTC] PHP Deprecated:  Function get_magic_quotes_gpc() is deprecated in /Users/sachin/wardtwenty_four/wp-includes/formatting.php on line 4387
[25-Aug-2026 17:19:58 UTC] PHP Deprecated:  Function get_magic_quotes_gpc() is deprecated in /Users/sachin/wardtwenty_four/wp-includes/formatting.php on line 4387
[25-Aug-2026 17:19:58 UTC] PHP Deprecated:  Function get_magic_quotes_gpc() is deprecated in /Users/sachin/wardtwenty_four/wp-includes/formatting.php on line 4387
[25-Aug-2026 17:19:58 UTC] PHP Deprecated:  Function get_magic_quotes_gpc() is deprecated in /Users/sachin/wardtwenty_four/wp-includes/formatting.php on line 4387
[25-Aug-2026 17:19:58 UTC] PHP Deprecated:  Function get_magic_quotes_gpc() is deprecated in /Users/sachin/wardtwenty_four/wp-includes/formatting.php on line 4387
[25-Aug-2026 17:19:58 UTC] PHP Deprecated:  Function get_magic_quotes_gpc() is deprecated in /Users/sachin/wardtwenty_four/wp-includes/formatting.php on line 4387
[25-Aug-2026 17:19:58 UTC] PHP Deprecated:  Function get_magic_quotes_gpc() is deprecated in /Users/sachin/wardtwenty_four/wp-includes/formatting.php on line 2448
[25-Aug-2026 17:19:58 UTC] PHP Deprecated:  Function get_magic_quotes_gpc() is deprecated in /Users/sachin/wardtwenty_four/wp-includes/formatting.php on line 4387
[25-Aug-2026 17:19:58 UTC] PHP Deprecated:  Function get_magic_quotes_gpc() is deprecated in /Users/sachin/wardtwenty_four/wp-includes/formatting.php on line 4387
[25-Aug-2026 17:19:58 UTC] PHP Deprecated:  Function get_magic_quotes_gpc() is deprecated in /Users/sachin/wardtwenty_four/wp-includes/formatting.php on line 4387
[25-Aug-2026 17:19:58 UTC] PHP Deprecated:  Function get_magic_quotes_gpc() is deprecated in /Users/sachin/wardtwenty_four/wp-includes/formatting.php on line 4387
[25-Aug-2026 17:19:58 UTC] PHP Deprecated:  Function get_magic_quotes_gpc() is deprecated in /Users/sachin/wardtwenty_four/wp-includes/load.php on line 651
[25-Aug-2026 17:19:58 UTC] PHP Notice:  Trying to access array offset on value of type bool in /Users/sachin/wardtwenty_four/wp-includes/theme.php on line 2241
[25-Aug-2026 17:19:58 UTC] PHP Deprecated:  Function get_magic_quotes_gpc() is deprecated in /Users/sachin/wardtwenty_four/wp-includes/formatting.php on line 4387
[25-Aug-2026 17:19:58 UTC] PHP Deprecated:  Function get_magic_quotes_gpc() is deprecated in /Users/sachin/wardtwenty_four/wp-includes/formatting.php on line 4387
[25-Aug-2026 17:19:58 UTC] PHP Deprecated:  Function get_magic_quotes_gpc() is deprecated in /Users/sachin/wardtwenty_four/wp-includes/formatting.php on line 4387
[25-Aug-2026 17:19:58 UTC] PHP Deprecated:  Function get_magic_quotes_gpc() is deprecated in /Users/sachin/wardtwenty_four/wp-includes/formatting.php on line 4387
[25-Aug-2026 17:19:58 UTC] PHP Deprecated:  Function get_magic_quotes_gpc() is deprecated in /Users/sachin/wardtwenty_four/wp-includes/formatting.php on line 4387
[25-Aug-2026 17:19:58 UTC] PHP Deprecated:  Function get_magic_quotes_gpc() is deprecated in /Users/sachin/wardtwenty_four/wp-includes/formatting.php on line 4387
[25-Aug-2026 17:19:58 UTC] PHP Deprecated:  Function get_magic_quotes_gpc() is deprecated in /Users/sachin/wardtwenty_four/wp-includes/formatting.php on line 4387
[25-Aug-2026 17:19:58 UTC] PHP Deprecated:  Function get_magic_quotes_gpc() is deprecated in /Users/sachin/wardtwenty_four/wp-includes/formatting.php on line 4387
[25-Aug-2026 17:19:58 UTC] PHP Deprecated:  Function get_magic_quotes_gpc() is deprecated in /Users/sachin/wardtwenty_four/wp-includes/formatting.php on line 4387
[25-Aug-2026 17:19:58 UTC] PHP Deprecated:  Function get_magic_quotes_gpc() is deprecated in /Users/sachin/wardtwenty_four/wp-includes/formatting.php on line 4387
[25-Aug-2026 17:19:58 UTC] PHP Deprecated:  Function get_magic_quotes_gpc() is deprecated in /Users/sachin/wardtwenty_four/wp-includes/formatting.php on line 4387
[25-Aug-2026 17:19:58 UTC] PHP Deprecated:  Function get_magic_quotes_gpc() is deprecated in /Users/sachin/wardtwenty_four/wp-includes/formatting.php on line 4387
[25-Aug-2026 17:19:58 UTC] PHP Deprecated:  Function get_magic_quotes_gpc() is deprecated in /Users/sachin/wardtwenty_four/wp-includes/formatting.php on line 4387
[25-Aug-2026 17:19:58 UTC] PHP Deprecated:  Function get_magic_quotes_gpc() is deprecated in /Users/sachin/wardtwenty_four/wp-includes/formatting.php on line 4387
[25-Aug-2026 17:19:58 UTC] PHP Deprecated:  Function get_magic_quotes_gpc() is deprecated in /Users/sachin/wardtwenty_four/wp-includes/formatting.php on line 4387
[25-Aug-2026 17:19:58 UTC] PHP Deprecated:  Function get_magic_quotes_gpc() is deprecated in /Users/sachin/wardtwenty_four/wp-includes/formatting.php on line 4387
[25-Aug-2026 17:19:58 UTC] PHP Deprecated:  Function get_magic_quotes_gpc() is deprecated in /Users/sachin/wardtwenty_four/wp-includes/formatting.php on line 2448
[25-Aug-2026 17:19:58 UTC] PHP Deprecated:  Function get_magic_quotes_gpc() is deprecated in /Users/sachin/wardtwenty_four/wp-includes/formatting.php on line 4387
[25-Aug-2026 17:19:58 UTC] PHP Deprecated:  Function get_magic_quotes_gpc() is deprecated in /Users/sachin/wardtwenty_four/wp-includes/formatting.php on line 4387
[25-Aug-2026 17:19:58 UTC] PHP Deprecated:  Function get_magic_quotes_gpc() is deprecated in /Users/sachin/wardtwenty_four/wp-includes/formatting.php on line 4387
[25-Aug-2026 17:19:58 UTC] PHP Deprecated:  Function get_magic_quotes_gpc() is deprecated in /Users/sachin/wardtwenty_four/wp-includes/formatting.php on line 4387
[25-Aug-2026 17:19:58 UTC] PHP Deprecated:  Function get_magic_quotes_gpc() is deprecated in /Users/sachin/wardtwenty_four/wp-includes/load.php on line 651
[25-Aug-2026 17:19:58 UTC] PHP Notice:  Trying to access array offset on value of type bool in /Users/sachin/wardtwenty_four/wp-includes/theme.php on line 2241
[25-Aug-2026 17:19:58 UTC] PHP Deprecated:  Function get_magic_quotes_gpc() is deprecated in /Users/sachin/wardtwenty_four/wp-includes/formatting.php on line 4387
[25-Aug-2026 17:19:58 UTC] PHP Deprecated:  Function get_magic_quotes_gpc() is deprecated in /Users/sachin/wardtwenty_four/wp-includes/formatting.php on line 4387
[25-Aug-2026 17:19:58 UTC] PHP Deprecated:  Function get_magic_quotes_gpc() is deprecated in /Users/sachin/wardtwenty_four/wp-includes/formatting.php on line 4387
[25-Aug-2026 17:19:58 UTC] PHP Deprecated:  Function get_magic_quotes_gpc() is deprecated in /Users/sachin/wardtwenty_four/wp-includes/formatting.php on line 4387
[25-Aug-2026 17:19:58 UTC] PHP Deprecated:  Function get_magic_quotes_gpc() is deprecated in /Users/sachin/wardtwenty_four/wp-includes/formatting.php on line 4387
[25-Aug-2026 17:19:58 UTC] PHP Deprecated:  Function get_magic_quotes_gpc() is deprecated in /Users/sachin/wardtwenty_four/wp-includes/formatting.php on line 4387
[25-Aug-2026 17:19:58 UTC] PHP Deprecated:  Function get_magic_quotes_gpc() is deprecated in /Users/sachin/wardtwenty_four/wp-includes/formatting.php on line 4387
[25-Aug-2026 17:19:58 UTC] PHP Deprecated:  Function get_magic_quotes_gpc() is deprecated in /Users/sachin/wardtwenty_four/wp-includes/formatting.php on line 4387
[25-Aug-2026 17:19:58 UTC] PHP Deprecated:  Function get_magic_quotes_gpc() is deprecated in /Users/sachin/wardtwenty_four/wp-includes/formatting.php on line 4387
[25-Aug-2026 17:19:58 UTC] PHP Deprecated:  Function get_magic_quotes_gpc() is deprecated in /Users/sachin/wardtwenty_four/wp-includes/formatting.php on line 4387
[25-Aug-2026 17:19:58 UTC] PHP Deprecated:  Function get_magic_quotes_gpc() is deprecated in /Users/sachin/wardtwenty_four/wp-includes/formatting.php on line 4387
[25-Aug-2026 17:19:58 UTC] PHP Deprecated:  Function get_magic_quotes_gpc() is deprecated in /Users/sachin/wardtwenty_four/wp-includes/formatting.php on line 4387
[25-Aug-2026 17:19:58 UTC] PHP Deprecated:  Function get_magic_quotes_gpc() is deprecated in /Users/sachin/wardtwenty_four/wp-includes/formatting.php on line 4387
[25-Aug-2026 17:19:58 UTC] PHP Deprecated:  Function get_magic_quotes_gpc() is deprecated in /Users/sachin/wardtwenty_four/wp-includes/formatting.php on line 4387
[25-Aug-2026 17:19:58 UTC] PHP Deprecated:  Function get_magic_quotes_gpc() is deprecated in /Users/sachin/wardtwenty_four/wp-includes/formatting.php on line 4387
[25-Aug-2026 17:19:58 UTC] PHP Deprecated:  Function get_magic_quotes_gpc() is deprecated in /Users/sachin/wardtwenty_four/wp-includes/formatting.php on line 4387
[25-Aug-2026 17:19:58 UTC] PHP Deprecated:  Function get_magic_quotes_gpc() is deprecated in /Users/sachin/wardtwenty_four/wp-includes/formatting.php on line 2448
[25-Aug-2026 17:19:58 UTC] PHP Deprecated:  Function get_magic_quotes_gpc() is deprecated in /Users/sachin/wardtwenty_four/wp-includes/formatting.php on line 4387
[25-Aug-2026 17:19:58 UTC] PHP Deprecated:  Function get_magic_quotes_gpc() is deprecated in /Users/sachin/wardtwenty_four/wp-includes/formatting.php on line 4387
[25-Aug-2026 17:19:58 UTC] PHP Deprecated:  Function get_magic_quotes_gpc() is deprecated in /Users/sachin/wardtwenty_four/wp-includes/formatting.php on line 4387
[25-Aug-2026 17:19:58 UTC] PHP Deprecated:  Function get_magic_quotes_gpc() is deprecated in /Users/sachin/wardtwenty_four/wp-includes/formatting.php on line 4387
[25-Aug-2026 17:20:02 UTC] PHP Deprecated:  Function get_magic_quotes_gpc() is deprecated in /Users/sachin/wardtwenty_four/wp-includes/load.php on line 651
[25-Aug-2026 17:20:02 UTC] PHP Notice:  Trying to access array offset on value of type bool in /Users/sachin/wardtwenty_four/wp-includes/theme.php on line 2241
[25-Aug-2026 17:20:02 UTC] PHP Deprecated:  Function get_magic_quotes_gpc() is deprecated in /Users/sachin/wardtwenty_four/wp-includes/formatting.php on line 4387
[25-Aug-2026 17:20:02 UTC] PHP Deprecated:  Function get_magic_quotes_gpc() is deprecated in /Users/sachin/wardtwenty_four/wp-includes/formatting.php on line 4387
[25-Aug-2026 17:20:02 UTC] PHP Deprecated:  Function get_magic_quotes_gpc() is deprecated in /Users/sachin/wardtwenty_four/wp-includes/formatting.php on line 4387
[25-Aug-2026 17:20:02 UTC] PHP Deprecated:  Function get_magic_quotes_gpc() is deprecated in /Users/sachin/wardtwenty_four/wp-includes/formatting.php on line 4387
[25-Aug-2026 17:20:02 UTC] PHP Deprecated:  Function get_magic_quotes_gpc() is deprecated in /Users/sachin/wardtwenty_four/wp-includes/formatting.php on line 4387
[25-Aug-2026 17:20:02 UTC] PHP Deprecated:  Function get_magic_quotes_gpc() is deprecated in /Users/sachin/wardtwenty_four/wp-includes/formatting.php on line 4387
[25-Aug-2026 17:20:02 UTC] PHP Deprecated:  Function get_magic_quotes_gpc() is deprecated in /Users/sachin/wardtwenty_four/wp-includes/formatting.php on line 4387
[25-Aug-2026 17:20:02 UTC] PHP Deprecated:  Function get_magic_quotes_gpc() is deprecated in /Users/sachin/wardtwenty_four/wp-includes/formatting.php on line 4387
[25-Aug-2026 17:20:02 UTC] PHP Deprecated:  Function get_magic_quotes_gpc() is deprecated in /Users/sachin/wardtwenty_four/wp-includes/formatting.php on line 4387
[25-Aug-2026 17:20:02 UTC] PHP Deprecated:  Function get_magic_quotes_gpc() is deprecated in /Users/sachin/wardtwenty_four/wp-includes/formatting.php on line 4387
[25-Aug-2026 17:20:02 UTC] PHP Deprecated:  Function get_magic_quotes_gpc() is deprecated in /Users/sachin/wardtwenty_four/wp-includes/formatting.php on line 4387
[25-Aug-2026 17:20:02 UTC] PHP Deprecated:  Function get_magic_quotes_gpc() is deprecated in /Users/sachin/wardtwenty_four/wp-includes/formatting.php on line 4387
[25-Aug-2026 17:20:02 UTC] PHP Deprecated:  Function get_magic_quotes_gpc() is deprecated in /Users/sachin/wardtwenty_four/wp-includes/formatting.php on line 4387
[25-Aug-2026 17:20:02 UTC] PHP Deprecated:  Function get_magic_quotes_gpc() is deprecated in /Users/sachin/wardtwenty_four/wp-includes/formatting.php on line 4387
[25-Aug-2026 17:20:02 UTC] PHP Deprecated:  Function get_magic_quotes_gpc() is deprecated in /Users/sachin/wardtwenty_four/wp-includes/formatting.php on line 4387
[25-Aug-2026 17:20:02 UTC] PHP Deprecated:  Function get_magic_quotes_gpc() is deprecated in /Users/sachin/wardtwenty_four/wp-includes/formatting.php on line 4387
[25-Aug-2026 17:20:02 UTC] PHP Deprecated:  Function get_magic_quotes_gpc() is deprecated in /Users/sachin/wardtwenty_four/wp-includes/formatting.php on line 4387
[25-Aug-2026 17:20:02 UTC] PHP Deprecated:  Function get_magic_quotes_gpc() is deprecated in /Users/sachin/wardtwenty_four/wp-includes/formatting.php on line 4387
[25-Aug-2026 17:20:02 UTC] PHP Deprecated:  Function get_magic_quotes_gpc() is deprecated in /Users/sachin/wardtwenty_four/wp-includes/formatting.php on line 4387
[25-Aug-2026 17:20:02 UTC] PHP Deprecated:  Function get_magic_quotes_gpc() is deprecated in /Users/sachin/wardtwenty_four/wp-includes/formatting.php on line 4387
[25-Aug-2026 17:20:02 UTC] PHP Deprecated:  Function get_magic_quotes_gpc() is deprecated in /Users/sachin/wardtwenty_four/wp-includes/formatting.php on line 4387
[25-Aug-2026 17:20:02 UTC] PHP Deprecated:  Function get_magic_quotes_gpc() is deprecated in /Users/sachin/wardtwenty_four/wp-includes/formatting.php on line 4387
[25-Aug-2026 17:20:02 UTC] PHP Deprecated:  Function get_magic_quotes_gpc() is deprecated in /Users/sachin/wardtwenty_four/wp-includes/formatting.php on line 4387
[25-Aug-2026 17:20:02 UTC] PHP Deprecated:  Function get_magic_quotes_gpc() is deprecated in /Users/sachin/wardtwenty_four/wp-includes/formatting.php on line 4387
[25-Aug-2026 17:20:02 UTC] PHP Deprecated:  Function get_magic_quotes_gpc() is deprecated in /Users/sachin/wardtwenty_four/wp-includes/formatting.php on line 4387
[25-Aug-2026 17:20:02 UTC] PHP Deprecated:  Function get_magic_quotes_gpc() is deprecated in /Users/sachin/wardtwenty_four/wp-includes/formatting.php on line 4387
[25-Aug-2026 17:20:02 UTC] PHP Deprecated:  Function get_magic_quotes_gpc() is deprecated in /Users/sachin/wardtwenty_four/wp-includes/formatting.php on line 4387
[25-Aug-2026 17:20:02 UTC] PHP Deprecated:  Function get_magic_quotes_gpc() is deprecated in /Users/sachin/wardtwenty_four/wp-includes/formatting.php on line 4387
[25-Aug-2026 17:20:02 UTC] PHP Deprecated:  Function get_magic_quotes_gpc() is deprecated in /Users/sachin/wardtwenty_four/wp-includes/formatting.php on line 4387
[25-Aug-2026 17:20:02 UTC] PHP Deprecated:  Function get_magic_quotes_gpc() is deprecated in /Users/sachin/wardtwenty_four/wp-includes/formatting.php on line 4387
[25-Aug-2026 17:20:02 UTC] PHP Deprecated:  Function get_magic_quotes_gpc() is deprecated in /Users/sachin/wardtwenty_four/wp-includes/formatting.php on line 4387
[25-Aug-2026 17:20:02 UTC] PHP Notice:  compact(): Undefined variable: groupby in /Users/sachin/wardtwenty_four/wp-includes/class-wp-comment-query.php on line 853
[25-Aug-2026 17:20:02 UTC] PHP Notice:  compact(): Undefined variable: limits in /Users/sachin/wardtwenty_four/wp-includes/class-wp-comment-query.php on line 853
[25-Aug-2026 17:20:02 UTC] PHP Notice:  compact(): Undefined variable: groupby in /Users/sachin/wardtwenty_four/wp-includes/class-wp-comment-query.php on line 853
[25-Aug-2026 17:20:02 UTC] PHP Deprecated:  Function get_magic_quotes_gpc() is deprecated in /Users/sachin/wardtwenty_four/wp-includes/formatting.php on line 4387
[25-Aug-2026 17:20:02 UTC] PHP Deprecated:  Function get_magic_quotes_gpc() is deprecated in /Users/sachin/wardtwenty_four/wp-includes/formatting.php on line 4387
[25-Aug-2026 17:20:02 UTC] PHP Deprecated:  Function get_magic_quotes_gpc() is deprecated in /Users/sachin/wardtwenty_four/wp-includes/formatting.php on line 4387
[25-Aug-2026 17:20:02 UTC] PHP Deprecated:  Function get_magic_quotes_gpc() is deprecated in /Users/sachin/wardtwenty_four/wp-includes/formatting.php on line 4387
[25-Aug-2026 17:20:02 UTC] PHP Deprecated:  Function get_magic_quotes_gpc() is deprecated in /Users/sachin/wardtwenty_four/wp-includes/formatting.php on line 4387
[25-Aug-2026 17:20:02 UTC] PHP Deprecated:  Function get_magic_quotes_gpc() is deprecated in /Users/sachin/wardtwenty_four/wp-includes/formatting.php on line 4387
[25-Aug-2026 17:20:02 UTC] PHP Deprecated:  Function get_magic_quotes_gpc() is deprecated in /Users/sachin/wardtwenty_four/wp-includes/formatting.php on line 4387
[25-Aug-2026 17:20:02 UTC] PHP Deprecated:  Function get_magic_quotes_gpc() is deprecated in /Users/sachin/wardtwenty_four/wp-includes/formatting.php on line 4387
[25-Aug-2026 17:20:02 UTC] PHP Deprecated:  Function get_magic_quotes_gpc() is deprecated in /Users/sachin/wardtwenty_four/wp-includes/formatting.php on line 4387
[25-Aug-2026 17:20:02 UTC] PHP Deprecated:  Function get_magic_quotes_gpc() is deprecated in /Users/sachin/wardtwenty_four/wp-includes/formatting.php on line 4387
[25-Aug-2026 17:20:02 UTC] PHP Deprecated:  Function get_magic_quotes_gpc() is deprecated in /Users/sachin/wardtwenty_four/wp-includes/formatting.php on line 4387
[25-Aug-2026 17:20:02 UTC] PHP Deprecated:  Function get_magic_quotes_gpc() is deprecated in /Users/sachin/wardtwenty_four/wp-includes/formatting.php on line 4387
[25-Aug-2026 17:20:02 UTC] PHP Deprecated:  Function get_magic_quotes_gpc() is deprecated in /Users/sachin/wardtwenty_four/wp-includes/formatting.php on line 4387
[25-Aug-2026 17:20:02 UTC] PHP Deprecated:  Function get_magic_quotes_gpc() is deprecated in /Users/sachin/wardtwenty_four/wp-includes/formatting.php on line 4387
[25-Aug-2026 17:20:02 UTC] PHP Deprecated:  Function get_magic_quotes_gpc() is deprecated in /Users/sachin/wardtwenty_four/wp-includes/formatting.php on line 4387
[25-Aug-2026 17:20:02 UTC] PHP Deprecated:  Function get_magic_quotes_gpc() is deprecated in /Users/sachin/wardtwenty_four/wp-includes/formatting.php on line 4387
[25-Aug-2026 17:20:02 UTC] PHP Deprecated:  Function get_magic_quotes_gpc() is deprecated in /Users/sachin/wardtwenty_four/wp-includes/formatting.php on line 4387
[25-Aug-2026 17:20:02 UTC] PHP Deprecated:  Function get_magic_quotes_gpc() is deprecated in /Users/sachin/wardtwenty_four/wp-includes/formatting.php on line 4387
[25-Aug-2026 17:20:02 UTC] PHP Deprecated:  Function get_magic_quotes_gpc() is deprecated in /Users/sachin/wardtwenty_four/wp-includes/formatting.php on line 4387
[25-Aug-2026 17:20:02 UTC] PHP Deprecated:  Function get_magic_quotes_gpc() is deprecated in /Users/sachin/wardtwenty_four/wp-includes/formatting.php on line 4387
[25-Aug-2026 17:20:02 UTC] PHP Deprecated:  Function get_magic_quotes_gpc() is deprecated in /Users/sachin/wardtwenty_four/wp-includes/formatting.php on line 4387
[25-Aug-2026 17:20:02 UTC] PHP Deprecated:  Function get_magic_quotes_gpc() is deprecated in /Users/sachin/wardtwenty_four/wp-includes/formatting.php on line 4387
[25-Aug-2026 17:20:02 UTC] PHP Deprecated:  Function get_magic_quotes_gpc() is deprecated in /Users/sachin/wardtwenty_four/wp-includes/formatting.php on line 4387
[25-Aug-2026 17:20:02 UTC] PHP Deprecated:  Function get_magic_quotes_gpc() is deprecated in /Users/sachin/wardtwenty_four/wp-includes/formatting.php on line 4387
[25-Aug-2026 17:20:02 UTC] PHP Deprecated:  Function get_magic_quotes_gpc() is deprecated in /Users/sachin/wardtwenty_four/wp-includes/formatting.php on line 4387
[25-Aug-2026 17:20:02 UTC] PHP Deprecated:  Function get_magic_quotes_gpc() is deprecated in /Users/sachin/wardtwenty_four/wp-includes/formatting.php on line 4387
[25-Aug-2026 17:20:02 UTC] PHP Deprecated:  Function get_magic_quotes_gpc() is deprecated in /Users/sachin/wardtwenty_four/wp-includes/formatting.php on line 4387
[25-Aug-2026 17:20:02 UTC] PHP Deprecated:  Function get_magic_quotes_gpc() is deprecated in /Users/sachin/wardtwenty_four/wp-includes/formatting.php on line 4387
[25-Aug-2026 17:20:02 UTC] PHP Deprecated:  Function get_magic_quotes_gpc() is deprecated in /Users/sachin/wardtwenty_four/wp-includes/formatting.php on line 4387
[25-Aug-2026 17:20:02 UTC] PHP Deprecated:  Function get_magic_quotes_gpc() is deprecated in /Users/sachin/wardtwenty_four/wp-includes/formatting.php on line 4387
[25-Aug-2026 17:20:02 UTC] PHP Deprecated:  Function get_magic_quotes_gpc() is deprecated in /Users/sachin/wardtwenty_four/wp-includes/formatting.php on line 4387
[25-Aug-2026 17:20:02 UTC] PHP Deprecated:  Function get_magic_quotes_gpc() is deprecated in /Users/sachin/wardtwenty_four/wp-includes/formatting.php on line 4387
[25-Aug-2026 17:20:02 UTC] PHP Deprecated:  Function get_magic_quotes_gpc() is deprecated in /Users/sachin/wardtwenty_four/wp-includes/formatting.php on line 4387
[25-Aug-2026 17:20:02 UTC] PHP Deprecated:  Function get_magic_quotes_gpc() is deprecated in /Users/sachin/wardtwenty_four/wp-includes/formatting.php on line 4387
[25-Aug-2026 17:20:02 UTC] PHP Deprecated:  Function get_magic_quotes_gpc() is deprecated in /Users/sachin/wardtwenty_four/wp-includes/formatting.php on line 4387
[25-Aug-2026 17:20:02 UTC] PHP Deprecated:  Function get_magic_quotes_gpc() is deprecated in /Users/sachin/wardtwenty_four/wp-includes/formatting.php on line 4387
[25-Aug-2026 17:20:02 UTC] PHP Deprecated:  Function get_magic_quotes_gpc() is deprecated in /Users/sachin/wardtwenty_four/wp-includes/formatting.php on line 4387
[25-Aug-2026 17:20:02 UTC] PHP Deprecated:  Function get_magic_quotes_gpc() is deprecated in /Users/sachin/wardtwenty_four/wp-includes/formatting.php on line 4387
[25-Aug-2026 17:20:02 UTC] PHP Deprecated:  Function get_magic_quotes_gpc() is deprecated in /Users/sachin/wardtwenty_four/wp-includes/formatting.php on line 4387
[25-Aug-2026 17:20:02 UTC] PHP Deprecated:  Function get_magic_quotes_gpc() is deprecated in /Users/sachin/wardtwenty_four/wp-includes/formatting.php on line 4387
[25-Aug-2026 17:20:02 UTC] PHP Deprecated:  Function get_magic_quotes_gpc() is deprecated in /Users/sachin/wardtwenty_four/wp-includes/formatting.php on line 4387
[25-Aug-2026 17:20:02 UTC] PHP Deprecated:  Function get_magic_quotes_gpc() is deprecated in /Users/sachin/wardtwenty_four/wp-includes/formatting.php on line 4387
[25-Aug-2026 17:20:02 UTC] PHP Deprecated:  Function get_magic_quotes_gpc() is deprecated in /Users/sachin/wardtwenty_four/wp-includes/formatting.php on line 4387
[25-Aug-2026 17:20:02 UTC] PHP Notice:  Trying to access array offset on value of type bool in /Users/sachin/wardtwenty_four/wp-admin/includes/update.php on line 608
[25-Aug-2026 17:20:02 UTC] PHP Deprecated:  Function get_magic_quotes_gpc() is deprecated in /Users/sachin/wardtwenty_four/wp-includes/formatting.php on line 4387
[25-Aug-2026 17:20:02 UTC] PHP Deprecated:  Function get_magic_quotes_gpc() is deprecated in /Users/sachin/wardtwenty_four/wp-includes/formatting.php on line 4387
[25-Aug-2026 17:20:02 UTC] PHP Deprecated:  Function get_magic_quotes_gpc() is deprecated in /Users/sachin/wardtwenty_four/wp-includes/formatting.php on line 4387
[25-Aug-2026 17:20:02 UTC] PHP Deprecated:  Function get_magic_quotes_gpc() is deprecated in /Users/sachin/wardtwenty_four/wp-includes/formatting.php on line 4387
[25-Aug-2026 17:20:02 UTC] PHP Deprecated:  Function get_magic_quotes_gpc() is deprecated in /Users/sachin/wardtwenty_four/wp-includes/formatting.php on line 4387
[25-Aug-2026 17:20:02 UTC] PHP Deprecated:  Function get_magic_quotes_gpc() is deprecated in /Users/sachin/wardtwenty_four/wp-includes/formatting.php on line 4387
[25-Aug-2026 17:20:02 UTC] PHP Deprecated:  Function get_magic_quotes_gpc() is deprecated in /Users/sachin/wardtwenty_four/wp-includes/formatting.php on line 4387
[25-Aug-2026 17:20:02 UTC] PHP Deprecated:  Function get_magic_quotes_gpc() is deprecated in /Users/sachin/wardtwenty_four/wp-includes/formatting.php on line 4387
[25-Aug-2026 17:20:02 UTC] PHP Deprecated:  Function get_magic_quotes_gpc() is deprecated in /Users/sachin/wardtwenty_four/wp-includes/formatting.php on line 4387
[25-Aug-2026 17:20:02 UTC] PHP Deprecated:  Function get_magic_quotes_gpc() is deprecated in /Users/sachin/wardtwenty_four/wp-includes/formatting.php on line 4387
[25-Aug-2026 17:20:02 UTC] PHP Deprecated:  Function get_magic_quotes_gpc() is deprecated in /Users/sachin/wardtwenty_four/wp-includes/formatting.php on line 4387
[25-Aug-2026 17:20:02 UTC] PHP Deprecated:  Function get_magic_quotes_gpc() is deprecated in /Users/sachin/wardtwenty_four/wp-includes/formatting.php on line 4387
[25-Aug-2026 17:20:02 UTC] PHP Deprecated:  Function get_magic_quotes_gpc() is deprecated in /Users/sachin/wardtwenty_four/wp-includes/formatting.php on line 4387
[25-Aug-2026 17:20:02 UTC] PHP Deprecated:  Function get_magic_quotes_gpc() is deprecated in /Users/sachin/wardtwenty_four/wp-includes/formatting.php on line 4387
[25-Aug-2026 17:20:02 UTC] PHP Deprecated:  Function get_magic_quotes_gpc() is deprecated in /Users/sachin/wardtwenty_four/wp-includes/formatting.php on line 4387
[25-Aug-2026 17:20:02 UTC] PHP Deprecated:  Function get_magic_quotes_gpc() is deprecated in /Users/sachin/wardtwenty_four/wp-includes/formatting.php on line 4387
[25-Aug-2026 17:20:02 UTC] PHP Deprecated:  Function get_magic_quotes_gpc() is deprecated in /Users/sachin/wardtwenty_four/wp-includes/formatting.php on line 4387
[25-Aug-2026 17:20:02 UTC] PHP Deprecated:  Function get_magic_quotes_gpc() is deprecated in /Users/sachin/wardtwenty_four/wp-includes/formatting.php on line 4387
[25-Aug-2026 17:20:02 UTC] PHP Deprecated:  Function get_magic_quotes_gpc() is deprecated in /Users/sachin/wardtwenty_four/wp-includes/formatting.php on line 4387
[25-Aug-2026 17:20:02 UTC] PHP Deprecated:  Function get_magic_quotes_gpc() is deprecated in /Users/sachin/wardtwenty_four/wp-includes/formatting.php on line 4387
[25-Aug-2026 17:20:02 UTC] PHP Deprecated:  Function get_magic_quotes_gpc() is deprecated in /Users/sachin/wardtwenty_four/wp-includes/formatting.php on line 4387
[25-Aug-2026 17:20:02 UTC] PHP Deprecated:  Function get_magic_quotes_gpc() is deprecated in /Users/sachin/wardtwenty_four/wp-includes/formatting.php on line 4387
[25-Aug-2026 17:20:02 UTC] PHP Deprecated:  Function get_magic_quotes_gpc() is deprecated in /Users/sachin/wardtwenty_four/wp-includes/formatting.php on line 4387
[25-Aug-2026 17:20:02 UTC] PHP Deprecated:  Function get_magic_quotes_gpc() is deprecated in /Users/sachin/wardtwenty_four/wp-includes/formatting.php on line 4387
[25-Aug-2026 17:20:02 UTC] PHP Deprecated:  Function get_magic_quotes_gpc() is deprecated in /Users/sachin/wardtwenty_four/wp-includes/formatting.php on line 4387
[25-Aug-2026 17:20:02 UTC] PHP Deprecated:  Function get_magic_quotes_gpc() is deprecated in /Users/sachin/wardtwenty_four/wp-includes/formatting.php on line 4387
[25-Aug-2026 17:20:02 UTC] PHP Deprecated:  Function get_magic_quotes_gpc() is deprecated in /Users/sachin/wardtwenty_four/wp-includes/formatting.php on line 4387
[25-Aug-2026 17:20:02 UTC] PHP Deprecated:  Function get_magic_quotes_gpc() is deprecated in /Users/sachin/wardtwenty_four/wp-includes/formatting.php on line 4387
[25-Aug-2026 17:20:02 UTC] PHP Deprecated:  Function get_magic_quotes_gpc() is deprecated in /Users/sachin/wardtwenty_four/wp-includes/formatting.php on line 4387
[25-Aug-2026 17:20:02 UTC] PHP Deprecated:  Function get_magic_quotes_gpc() is deprecated in /Users/sachin/wardtwenty_four/wp-includes/formatting.php on line 4387
[25-Aug-2026 17:20:02 UTC] PHP Deprecated:  Function get_magic_quotes_gpc() is deprecated in /Users/sachin/wardtwenty_four/wp-includes/formatting.php on line 4387
[25-Aug-2026 17:20:02 UTC] PHP Deprecated:  Function get_magic_quotes_gpc() is deprecated in /Users/sachin/wardtwenty_four/wp-includes/formatting.php on line 4387
[25-Aug-2026 17:20:02 UTC] PHP Deprecated:  Function get_magic_quotes_gpc() is deprecated in /Users/sachin/wardtwenty_four/wp-includes/formatting.php on line 4387
[25-Aug-2026 17:20:02 UTC] PHP Deprecated:  Function get_magic_quotes_gpc() is deprecated in /Users/sachin/wardtwenty_four/wp-includes/formatting.php on line 4387
[25-Aug-2026 17:20:02 UTC] PHP Deprecated:  Function get_magic_quotes_gpc() is deprecated in /Users/sachin/wardtwenty_four/wp-includes/formatting.php on line 4387
[25-Aug-2026 17:20:02 UTC] PHP Deprecated:  Function get_magic_quotes_gpc() is deprecated in /Users/sachin/wardtwenty_four/wp-includes/formatting.php on line 4387
[25-Aug-2026 17:20:02 UTC] PHP Deprecated:  Function get_magic_quotes_gpc() is deprecated in /Users/sachin/wardtwenty_four/wp-includes/formatting.php on line 4387
[25-Aug-2026 17:20:02 UTC] PHP Deprecated:  Function get_magic_quotes_gpc() is deprecated in /Users/sachin/wardtwenty_four/wp-includes/formatting.php on line 4387
[25-Aug-2026 17:20:02 UTC] PHP Deprecated:  Function get_magic_quotes_gpc() is deprecated in /Users/sachin/wardtwenty_four/wp-includes/formatting.php on line 4387
[25-Aug-2026 17:20:02 UTC] PHP Deprecated:  Function get_magic_quotes_gpc() is deprecated in /Users/sachin/wardtwenty_four/wp-includes/formatting.php on line 4387
[25-Aug-2026 17:20:02 UTC] PHP Deprecated:  Function get_magic_quotes_gpc() is deprecated in /Users/sachin/wardtwenty_four/wp-includes/formatting.php on line 4387
[25-Aug-2026 17:20:02 UTC] PHP Deprecated:  Function get_magic_quotes_gpc() is deprecated in /Users/sachin/wardtwenty_four/wp-includes/formatting.php on line 4387
[25-Aug-2026 17:20:02 UTC] PHP Deprecated:  Function get_magic_quotes_gpc() is deprecated in /Users/sachin/wardtwenty_four/wp-includes/formatting.php on line 4387
[25-Aug-2026 17:20:02 UTC] PHP Deprecated:  Function get_magic_quotes_gpc() is deprecated in /Users/sachin/wardtwenty_four/wp-includes/formatting.php on line 4387
[25-Aug-2026 17:20:02 UTC] PHP Deprecated:  Function get_magic_quotes_gpc() is deprecated in /Users/sachin/wardtwenty_four/wp-includes/formatting.php on line 4387
[25-Aug-2026 17:20:02 UTC] PHP Deprecated:  Function get_magic_quotes_gpc() is deprecated in /Users/sachin/wardtwenty_four/wp-includes/formatting.php on line 4387
[25-Aug-2026 17:20:02 UTC] PHP Deprecated:  Function get_magic_quotes_gpc() is deprecated in /Users/sachin/wardtwenty_four/wp-includes/formatting.php on line 4387
[25-Aug-2026 17:20:02 UTC] PHP Deprecated:  Function get_magic_quotes_gpc() is deprecated in /Users/sachin/wardtwenty_four/wp-includes/formatting.php on line 4387
[25-Aug-2026 17:20:02 UTC] PHP Deprecated:  Function get_magic_quotes_gpc() is deprecated in /Users/sachin/wardtwenty_four/wp-includes/formatting.php on line 4387
[25-Aug-2026 17:20:02 UTC] PHP Deprecated:  Function get_magic_quotes_gpc() is deprecated in /Users/sachin/wardtwenty_four/wp-includes/formatting.php on line 4387
[25-Aug-2026 17:20:02 UTC] PHP Deprecated:  Function get_magic_quotes_gpc() is deprecated in /Users/sachin/wardtwenty_four/wp-includes/formatting.php on line 4387
[25-Aug-2026 17:20:02 UTC] PHP Deprecated:  Function get_magic_quotes_gpc() is deprecated in /Users/sachin/wardtwenty_four/wp-includes/formatting.php on line 4387
[25-Aug-2026 17:20:02 UTC] PHP Deprecated:  Function get_magic_quotes_gpc() is deprecated in /Users/sachin/wardtwenty_four/wp-includes/formatting.php on line 4387
[25-Aug-2026 17:20:02 UTC] PHP Deprecated:  Function get_magic_quotes_gpc() is deprecated in /Users/sachin/wardtwenty_four/wp-includes/formatting.php on line 4387
[25-Aug-2026 17:20:02 UTC] PHP Deprecated:  Function get_magic_quotes_gpc() is deprecated in /Users/sachin/wardtwenty_four/wp-includes/formatting.php on line 4387
[25-Aug-2026 17:20:02 UTC] PHP Deprecated:  Function get_magic_quotes_gpc() is deprecated in /Users/sachin/wardtwenty_four/wp-includes/formatting.php on line 4387
[25-Aug-2026 17:20:02 UTC] PHP Deprecated:  Function get_magic_quotes_gpc() is deprecated in /Users/sachin/wardtwenty_four/wp-includes/formatting.php on line 4387
[25-Aug-2026 17:20:02 UTC] PHP Deprecated:  Function get_magic_quotes_gpc() is deprecated in /Users/sachin/wardtwenty_four/wp-includes/formatting.php on line 4387
[25-Aug-2026 17:20:02 UTC] PHP Deprecated:  Function get_magic_quotes_gpc() is deprecated in /Users/sachin/wardtwenty_four/wp-includes/formatting.php on line 4387
[25-Aug-2026 17:20:02 UTC] PHP Deprecated:  Function get_magic_quotes_gpc() is deprecated in /Users/sachin/wardtwenty_four/wp-includes/formatting.php on line 4387
[25-Aug-2026 17:20:02 UTC] PHP Deprecated:  Function get_magic_quotes_gpc() is deprecated in /Users/sachin/wardtwenty_four/wp-includes/formatting.php on line 4387
[25-Aug-2026 17:20:02 UTC] PHP Deprecated:  Function get_magic_quotes_gpc() is deprecated in /Users/sachin/wardtwenty_four/wp-includes/formatting.php on line 4387
[25-Aug-2026 17:20:02 UTC] PHP Deprecated:  Function get_magic_quotes_gpc() is deprecated in /Users/sachin/wardtwenty_four/wp-includes/formatting.php on line 4387
[25-Aug-2026 17:20:02 UTC] PHP Deprecated:  Function get_magic_quotes_gpc() is deprecated in /Users/sachin/wardtwenty_four/wp-includes/formatting.php on line 4387
[25-Aug-2026 17:20:02 UTC] PHP Deprecated:  Function get_magic_quotes_gpc() is deprecated in /Users/sachin/wardtwenty_four/wp-includes/formatting.php on line 4387
[25-Aug-2026 17:20:02 UTC] PHP Deprecated:  Function get_magic_quotes_gpc() is deprecated in /Users/sachin/wardtwenty_four/wp-includes/formatting.php on line 4387
[25-Aug-2026 17:20:09 UTC] PHP Deprecated:  Function get_magic_quotes_gpc() is deprecated in /Users/sachin/wardtwenty_four/wp-includes/load.php on line 651
[25-Aug-2026 17:20:09 UTC] PHP Notice:  Trying to access array offset on value of type bool in /Users/sachin/wardtwenty_four/wp-includes/theme.php on line 2241
[25-Aug-2026 17:20:09 UTC] PHP Deprecated:  Function get_magic_quotes_gpc() is deprecated in /Users/sachin/wardtwenty_four/wp-includes/formatting.php on line 4387
[25-Aug-2026 17:20:09 UTC] PHP Deprecated:  Function get_magic_quotes_gpc() is deprecated in /Users/sachin/wardtwenty_four/wp-includes/formatting.php on line 4387
[25-Aug-2026 17:20:09 UTC] PHP Deprecated:  Function get_magic_quotes_gpc() is deprecated in /Users/sachin/wardtwenty_four/wp-includes/formatting.php on line 4387
[25-Aug-2026 17:20:09 UTC] PHP Deprecated:  Function get_magic_quotes_gpc() is deprecated in /Users/sachin/wardtwenty_four/wp-includes/formatting.php on line 4387
[25-Aug-2026 17:20:09 UTC] PHP Deprecated:  Function get_magic_quotes_gpc() is deprecated in /Users/sachin/wardtwenty_four/wp-includes/formatting.php on line 4387
[25-Aug-2026 17:20:09 UTC] PHP Deprecated:  Function get_magic_quotes_gpc() is deprecated in /Users/sachin/wardtwenty_four/wp-includes/formatting.php on line 4387
[25-Aug-2026 17:20:09 UTC] PHP Deprecated:  Function get_magic_quotes_gpc() is deprecated in /Users/sachin/wardtwenty_four/wp-includes/formatting.php on line 4387
[25-Aug-2026 17:20:09 UTC] PHP Deprecated:  Function get_magic_quotes_gpc() is deprecated in /Users/sachin/wardtwenty_four/wp-includes/formatting.php on line 4387
[25-Aug-2026 17:20:09 UTC] PHP Deprecated:  Function get_magic_quotes_gpc() is deprecated in /Users/sachin/wardtwenty_four/wp-includes/formatting.php on line 4387
[25-Aug-2026 17:20:09 UTC] PHP Deprecated:  Function get_magic_quotes_gpc() is deprecated in /Users/sachin/wardtwenty_four/wp-includes/formatting.php on line 4387
[25-Aug-2026 17:20:09 UTC] PHP Deprecated:  Function get_magic_quotes_gpc() is deprecated in /Users/sachin/wardtwenty_four/wp-includes/formatting.php on line 4387
[25-Aug-2026 17:20:09 UTC] PHP Deprecated:  Function get_magic_quotes_gpc() is deprecated in /Users/sachin/wardtwenty_four/wp-includes/formatting.php on line 4387
[25-Aug-2026 17:20:09 UTC] PHP Deprecated:  Function get_magic_quotes_gpc() is deprecated in /Users/sachin/wardtwenty_four/wp-includes/formatting.php on line 4387
[25-Aug-2026 17:20:09 UTC] PHP Deprecated:  Function get_magic_quotes_gpc() is deprecated in /Users/sachin/wardtwenty_four/wp-includes/formatting.php on line 4387
[25-Aug-2026 17:20:09 UTC] PHP Deprecated:  Function get_magic_quotes_gpc() is deprecated in /Users/sachin/wardtwenty_four/wp-includes/formatting.php on line 4387
[25-Aug-2026 17:20:09 UTC] PHP Deprecated:  Function get_magic_quotes_gpc() is deprecated in /Users/sachin/wardtwenty_four/wp-includes/formatting.php on line 4387
[25-Aug-2026 17:20:09 UTC] PHP Deprecated:  Function get_magic_quotes_gpc() is deprecated in /Users/sachin/wardtwenty_four/wp-includes/formatting.php on line 4387
[25-Aug-2026 17:20:09 UTC] PHP Deprecated:  Function get_magic_quotes_gpc() is deprecated in /Users/sachin/wardtwenty_four/wp-includes/formatting.php on line 4387
[25-Aug-2026 17:20:09 UTC] PHP Deprecated:  Function get_magic_quotes_gpc() is deprecated in /Users/sachin/wardtwenty_four/wp-includes/formatting.php on line 4387
[25-Aug-2026 17:20:09 UTC] PHP Deprecated:  Function get_magic_quotes_gpc() is deprecated in /Users/sachin/wardtwenty_four/wp-includes/formatting.php on line 4387
[25-Aug-2026 17:20:09 UTC] PHP Deprecated:  Function get_magic_quotes_gpc() is deprecated in /Users/sachin/wardtwenty_four/wp-includes/formatting.php on line 4387
[25-Aug-2026 17:20:09 UTC] PHP Deprecated:  Function get_magic_quotes_gpc() is deprecated in /Users/sachin/wardtwenty_four/wp-includes/formatting.php on line 4387
[25-Aug-2026 17:20:09 UTC] PHP Deprecated:  Function get_magic_quotes_gpc() is deprecated in /Users/sachin/wardtwenty_four/wp-includes/formatting.php on line 4387
[25-Aug-2026 17:20:09 UTC] PHP Deprecated:  Function get_magic_quotes_gpc() is deprecated in /Users/sachin/wardtwenty_four/wp-includes/formatting.php on line 4387
[25-Aug-2026 17:20:09 UTC] PHP Deprecated:  Function get_magic_quotes_gpc() is deprecated in /Users/sachin/wardtwenty_four/wp-includes/formatting.php on line 4387
[25-Aug-2026 17:20:09 UTC] PHP Deprecated:  Function get_magic_quotes_gpc() is deprecated in /Users/sachin/wardtwenty_four/wp-includes/formatting.php on line 4387
[25-Aug-2026 17:20:09 UTC] PHP Deprecated:  Function get_magic_quotes_gpc() is deprecated in /Users/sachin/wardtwenty_four/wp-includes/formatting.php on line 4387
[25-Aug-2026 17:20:09 UTC] PHP Deprecated:  Function get_magic_quotes_gpc() is deprecated in /Users/sachin/wardtwenty_four/wp-includes/formatting.php on line 4387
[25-Aug-2026 17:20:09 UTC] PHP Deprecated:  Function get_magic_quotes_gpc() is deprecated in /Users/sachin/wardtwenty_four/wp-includes/formatting.php on line 4387
[25-Aug-2026 17:20:09 UTC] PHP Deprecated:  Function get_magic_quotes_gpc() is deprecated in /Users/sachin/wardtwenty_four/wp-includes/formatting.php on line 4387
[25-Aug-2026 17:20:09 UTC] PHP Deprecated:  Function get_magic_quotes_gpc() is deprecated in /Users/sachin/wardtwenty_four/wp-includes/formatting.php on line 4387
[25-Aug-2026 17:20:09 UTC] PHP Notice:  compact(): Undefined variable: post_status in /Users/sachin/wardtwenty_four/wp-admin/includes/post.php on line 1080
[25-Aug-2026 17:20:09 UTC] PHP Notice:  compact(): Undefined variable: perm in /Users/sachin/wardtwenty_four/wp-admin/includes/post.php on line 1080
[25-Aug-2026 17:20:09 UTC] PHP Notice:  compact(): Undefined variable: order in /Users/sachin/wardtwenty_four/wp-admin/includes/post.php on line 1080
[25-Aug-2026 17:20:09 UTC] PHP Notice:  compact(): Undefined variable: orderby in /Users/sachin/wardtwenty_four/wp-admin/includes/post.php on line 1080
[25-Aug-2026 17:20:09 UTC] PHP Deprecated:  Function get_magic_quotes_gpc() is deprecated in /Users/sachin/wardtwenty_four/wp-includes/formatting.php on line 2448
[25-Aug-2026 17:20:09 UTC] PHP Deprecated:  Function get_magic_quotes_gpc() is deprecated in /Users/sachin/wardtwenty_four/wp-includes/formatting.php on line 4387
[25-Aug-2026 17:20:09 UTC] PHP Deprecated:  Function get_magic_quotes_gpc() is deprecated in /Users/sachin/wardtwenty_four/wp-includes/formatting.php on line 4387
[25-Aug-2026 17:20:09 UTC] PHP Deprecated:  Function get_magic_quotes_gpc() is deprecated in /Users/sachin/wardtwenty_four/wp-includes/formatting.php on line 4387
[25-Aug-2026 17:20:09 UTC] PHP Deprecated:  Function get_magic_quotes_gpc() is deprecated in /Users/sachin/wardtwenty_four/wp-includes/formatting.php on line 4387
[25-Aug-2026 17:20:09 UTC] PHP Deprecated:  Function get_magic_quotes_gpc() is deprecated in /Users/sachin/wardtwenty_four/wp-includes/formatting.php on line 4387
[25-Aug-2026 17:20:09 UTC] PHP Deprecated:  Function get_magic_quotes_gpc() is deprecated in /Users/sachin/wardtwenty_four/wp-includes/formatting.php on line 4387
[25-Aug-2026 17:20:09 UTC] PHP Deprecated:  Function get_magic_quotes_gpc() is deprecated in /Users/sachin/wardtwenty_four/wp-includes/formatting.php on line 4387
[25-Aug-2026 17:20:09 UTC] PHP Deprecated:  Function get_magic_quotes_gpc() is deprecated in /Users/sachin/wardtwenty_four/wp-includes/formatting.php on line 4387
[25-Aug-2026 17:20:09 UTC] PHP Deprecated:  Function get_magic_quotes_gpc() is deprecated in /Users/sachin/wardtwenty_four/wp-includes/formatting.php on line 4387
[25-Aug-2026 17:20:09 UTC] PHP Deprecated:  Function get_magic_quotes_gpc() is deprecated in /Users/sachin/wardtwenty_four/wp-includes/formatting.php on line 4387
[25-Aug-2026 17:20:09 UTC] PHP Deprecated:  Function get_magic_quotes_gpc() is deprecated in /Users/sachin/wardtwenty_four/wp-includes/formatting.php on line 4387
[25-Aug-2026 17:20:09 UTC] PHP Deprecated:  Function get_magic_quotes_gpc() is deprecated in /Users/sachin/wardtwenty_four/wp-includes/formatting.php on line 4387
[25-Aug-2026 17:20:09 UTC] PHP Deprecated:  Function get_magic_quotes_gpc() is deprecated in /Users/sachin/wardtwenty_four/wp-includes/formatting.php on line 4387
[25-Aug-2026 17:20:09 UTC] PHP Deprecated:  Function get_magic_quotes_gpc() is deprecated in /Users/sachin/wardtwenty_four/wp-includes/formatting.php on line 4387
[25-Aug-2026 17:20:09 UTC] PHP Deprecated:  Function get_magic_quotes_gpc() is deprecated in /Users/sachin/wardtwenty_four/wp-includes/formatting.php on line 4387
[25-Aug-2026 17:20:09 UTC] PHP Deprecated:  Function get_magic_quotes_gpc() is deprecated in /Users/sachin/wardtwenty_four/wp-includes/formatting.php on line 4387
[25-Aug-2026 17:20:09 UTC] PHP Deprecated:  Function get_magic_quotes_gpc() is deprecated in /Users/sachin/wardtwenty_four/wp-includes/formatting.php on line 4387
[25-Aug-2026 17:20:09 UTC] PHP Deprecated:  Function get_magic_quotes_gpc() is deprecated in /Users/sachin/wardtwenty_four/wp-includes/formatting.php on line 4387
[25-Aug-2026 17:20:09 UTC] PHP Deprecated:  Function get_magic_quotes_gpc() is deprecated in /Users/sachin/wardtwenty_four/wp-includes/formatting.php on line 4387
[25-Aug-2026 17:20:09 UTC] PHP Deprecated:  Function get_magic_quotes_gpc() is deprecated in /Users/sachin/wardtwenty_four/wp-includes/formatting.php on line 4387
[25-Aug-2026 17:20:09 UTC] PHP Deprecated:  Function get_magic_quotes_gpc() is deprecated in /Users/sachin/wardtwenty_four/wp-includes/formatting.php on line 4387
[25-Aug-2026 17:20:09 UTC] PHP Deprecated:  Function get_magic_quotes_gpc() is deprecated in /Users/sachin/wardtwenty_four/wp-includes/formatting.php on line 4387
[25-Aug-2026 17:20:09 UTC] PHP Deprecated:  Function get_magic_quotes_gpc() is deprecated in /Users/sachin/wardtwenty_four/wp-includes/formatting.php on line 4387
[25-Aug-2026 17:20:09 UTC] PHP Deprecated:  Function get_magic_quotes_gpc() is deprecated in /Users/sachin/wardtwenty_four/wp-includes/formatting.php on line 4387
[25-Aug-2026 17:20:09 UTC] PHP Deprecated:  Function get_magic_quotes_gpc() is deprecated in /Users/sachin/wardtwenty_four/wp-includes/formatting.php on line 4387
[25-Aug-2026 17:20:09 UTC] PHP Deprecated:  Function get_magic_quotes_gpc() is deprecated in /Users/sachin/wardtwenty_four/wp-includes/formatting.php on line 4387
[25-Aug-2026 17:20:09 UTC] PHP Deprecated:  Function get_magic_quotes_gpc() is deprecated in /Users/sachin/wardtwenty_four/wp-includes/formatting.php on line 4387
[25-Aug-2026 17:20:09 UTC] PHP Deprecated:  Function get_magic_quotes_gpc() is deprecated in /Users/sachin/wardtwenty_four/wp-includes/formatting.php on line 4387
[25-Aug-2026 17:20:09 UTC] PHP Deprecated:  Function get_magic_quotes_gpc() is deprecated in /Users/sachin/wardtwenty_four/wp-includes/formatting.php on line 4387
[25-Aug-2026 17:20:09 UTC] PHP Deprecated:  Function get_magic_quotes_gpc() is deprecated in /Users/sachin/wardtwenty_four/wp-includes/formatting.php on line 4387
[25-Aug-2026 17:20:09 UTC] PHP Deprecated:  Function get_magic_quotes_gpc() is deprecated in /Users/sachin/wardtwenty_four/wp-includes/formatting.php on line 4387
[25-Aug-2026 17:20:09 UTC] PHP Deprecated:  Function get_magic_quotes_gpc() is deprecated in /Users/sachin/wardtwenty_four/wp-includes/formatting.php on line 4387
[25-Aug-2026 17:20:09 UTC] PHP Deprecated:  Function get_magic_quotes_gpc() is deprecated in /Users/sachin/wardtwenty_four/wp-includes/formatting.php on line 4387
[25-Aug-2026 17:20:09 UTC] PHP Deprecated:  Function get_magic_quotes_gpc() is deprecated in /Users/sachin/wardtwenty_four/wp-includes/formatting.php on line 4387
[25-Aug-2026 17:20:09 UTC] PHP Deprecated:  Function get_magic_quotes_gpc() is deprecated in /Users/sachin/wardtwenty_four/wp-includes/formatting.php on line 4387
[25-Aug-2026 17:20:09 UTC] PHP Deprecated:  Function get_magic_quotes_gpc() is deprecated in /Users/sachin/wardtwenty_four/wp-includes/formatting.php on line 4387
[25-Aug-2026 17:20:09 UTC] PHP Deprecated:  Function get_magic_quotes_gpc() is deprecated in /Users/sachin/wardtwenty_four/wp-includes/formatting.php on line 4387
[25-Aug-2026 17:20:09 UTC] PHP Deprecated:  Function get_magic_quotes_gpc() is deprecated in /Users/sachin/wardtwenty_four/wp-includes/formatting.php on line 4387
[25-Aug-2026 17:20:09 UTC] PHP Deprecated:  Function get_magic_quotes_gpc() is deprecated in /Users/sachin/wardtwenty_four/wp-includes/formatting.php on line 4387
[25-Aug-2026 17:20:09 UTC] PHP Deprecated:  Function get_magic_quotes_gpc() is deprecated in /Users/sachin/wardtwenty_four/wp-includes/formatting.php on line 4387
[25-Aug-2026 17:20:09 UTC] PHP Deprecated:  Function get_magic_quotes_gpc() is deprecated in /Users/sachin/wardtwenty_four/wp-includes/formatting.php on line 4387
[25-Aug-2026 17:20:09 UTC] PHP Deprecated:  Function get_magic_quotes_gpc() is deprecated in /Users/sachin/wardtwenty_four/wp-includes/formatting.php on line 4387
[25-Aug-2026 17:20:09 UTC] PHP Deprecated:  Function get_magic_quotes_gpc() is deprecated in /Users/sachin/wardtwenty_four/wp-includes/formatting.php on line 4387
[25-Aug-2026 17:20:09 UTC] PHP Notice:  Trying to access array offset on value of type bool in /Users/sachin/wardtwenty_four/wp-admin/includes/update.php on line 608
[25-Aug-2026 17:20:09 UTC] PHP Deprecated:  Function get_magic_quotes_gpc() is deprecated in /Users/sachin/wardtwenty_four/wp-includes/formatting.php on line 4387
[25-Aug-2026 17:20:09 UTC] PHP Deprecated:  Function get_magic_quotes_gpc() is deprecated in /Users/sachin/wardtwenty_four/wp-includes/formatting.php on line 4387
[25-Aug-2026 17:20:09 UTC] PHP Deprecated:  Function get_magic_quotes_gpc() is deprecated in /Users/sachin/wardtwenty_four/wp-includes/formatting.php on line 4387
[25-Aug-2026 17:20:09 UTC] PHP Deprecated:  Function get_magic_quotes_gpc() is deprecated in /Users/sachin/wardtwenty_four/wp-includes/formatting.php on line 4387
[25-Aug-2026 17:20:09 UTC] PHP Deprecated:  Function get_magic_quotes_gpc() is deprecated in /Users/sachin/wardtwenty_four/wp-includes/formatting.php on line 4387
[25-Aug-2026 17:20:09 UTC] PHP Deprecated:  Function get_magic_quotes_gpc() is deprecated in /Users/sachin/wardtwenty_four/wp-includes/formatting.php on line 4387
[25-Aug-2026 17:20:09 UTC] PHP Deprecated:  Function get_magic_quotes_gpc() is deprecated in /Users/sachin/wardtwenty_four/wp-includes/formatting.php on line 4387
[25-Aug-2026 17:20:09 UTC] PHP Deprecated:  Function get_magic_quotes_gpc() is deprecated in /Users/sachin/wardtwenty_four/wp-includes/formatting.php on line 4387
[25-Aug-2026 17:20:09 UTC] PHP Deprecated:  Function get_magic_quotes_gpc() is deprecated in /Users/sachin/wardtwenty_four/wp-includes/formatting.php on line 4387
[25-Aug-2026 17:20:09 UTC] PHP Deprecated:  Function get_magic_quotes_gpc() is deprecated in /Users/sachin/wardtwenty_four/wp-includes/formatting.php on line 4387
[25-Aug-2026 17:20:09 UTC] PHP Deprecated:  Function get_magic_quotes_gpc() is deprecated in /Users/sachin/wardtwenty_four/wp-includes/formatting.php on line 4387
[25-Aug-2026 17:20:09 UTC] PHP Deprecated:  Function get_magic_quotes_gpc() is deprecated in /Users/sachin/wardtwenty_four/wp-includes/formatting.php on line 4387
[25-Aug-2026 17:20:09 UTC] PHP Deprecated:  Function get_magic_quotes_gpc() is deprecated in /Users/sachin/wardtwenty_four/wp-includes/formatting.php on line 4387
[25-Aug-2026 17:20:09 UTC] PHP Deprecated:  Function get_magic_quotes_gpc() is deprecated in /Users/sachin/wardtwenty_four/wp-includes/formatting.php on line 4387
[25-Aug-2026 17:20:09 UTC] PHP Deprecated:  Function get_magic_quotes_gpc() is deprecated in /Users/sachin/wardtwenty_four/wp-includes/formatting.php on line 4387
[25-Aug-2026 17:20:09 UTC] PHP Deprecated:  Function get_magic_quotes_gpc() is deprecated in /Users/sachin/wardtwenty_four/wp-includes/formatting.php on line 4387
[25-Aug-2026 17:20:09 UTC] PHP Deprecated:  Function get_magic_quotes_gpc() is deprecated in /Users/sachin/wardtwenty_four/wp-includes/formatting.php on line 4387
[25-Aug-2026 17:20:09 UTC] PHP Deprecated:  Function get_magic_quotes_gpc() is deprecated in /Users/sachin/wardtwenty_four/wp-includes/formatting.php on line 4387
[25-Aug-2026 17:20:09 UTC] PHP Deprecated:  Function get_magic_quotes_gpc() is deprecated in /Users/sachin/wardtwenty_four/wp-includes/formatting.php on line 4387
[25-Aug-2026 17:20:09 UTC] PHP Deprecated:  Function get_magic_quotes_gpc() is deprecated in /Users/sachin/wardtwenty_four/wp-includes/formatting.php on line 4387
[25-Aug-2026 17:20:09 UTC] PHP Deprecated:  Function get_magic_quotes_gpc() is deprecated in /Users/sachin/wardtwenty_four/wp-includes/formatting.php on line 4387
[25-Aug-2026 17:20:09 UTC] PHP Deprecated:  Function get_magic_quotes_gpc() is deprecated in /Users/sachin/wardtwenty_four/wp-includes/formatting.php on line 4387
[25-Aug-2026 17:20:09 UTC] PHP Deprecated:  Function get_magic_quotes_gpc() is deprecated in /Users/sachin/wardtwenty_four/wp-includes/formatting.php on line 4387
[25-Aug-2026 17:20:09 UTC] PHP Deprecated:  Function get_magic_quotes_gpc() is deprecated in /Users/sachin/wardtwenty_four/wp-includes/formatting.php on line 4387
[25-Aug-2026 17:20:09 UTC] PHP Deprecated:  Function get_magic_quotes_gpc() is deprecated in /Users/sachin/wardtwenty_four/wp-includes/formatting.php on line 4387
[25-Aug-2026 17:20:09 UTC] PHP Deprecated:  Function get_magic_quotes_gpc() is deprecated in /Users/sachin/wardtwenty_four/wp-includes/formatting.php on line 4387
[25-Aug-2026 17:20:09 UTC] PHP Deprecated:  Function get_magic_quotes_gpc() is deprecated in /Users/sachin/wardtwenty_four/wp-includes/formatting.php on line 4387
[25-Aug-2026 17:20:09 UTC] PHP Deprecated:  Function get_magic_quotes_gpc() is deprecated in /Users/sachin/wardtwenty_four/wp-includes/formatting.php on line 4387
[25-Aug-2026 17:20:09 UTC] PHP Deprecated:  Function get_magic_quotes_gpc() is deprecated in /Users/sachin/wardtwenty_four/wp-includes/formatting.php on line 4387
[25-Aug-2026 17:20:09 UTC] PHP Deprecated:  Function get_magic_quotes_gpc() is deprecated in /Users/sachin/wardtwenty_four/wp-includes/formatting.php on line 4387
[25-Aug-2026 17:20:09 UTC] PHP Deprecated:  Function get_magic_quotes_gpc() is deprecated in /Users/sachin/wardtwenty_four/wp-includes/formatting.php on line 4387
[25-Aug-2026 17:20:09 UTC] PHP Deprecated:  Function get_magic_quotes_gpc() is deprecated in /Users/sachin/wardtwenty_four/wp-includes/formatting.php on line 4387
[25-Aug-2026 17:20:09 UTC] PHP Deprecated:  Function get_magic_quotes_gpc() is deprecated in /Users/sachin/wardtwenty_four/wp-includes/formatting.php on line 4387
[25-Aug-2026 17:20:09 UTC] PHP Deprecated:  Function get_magic_quotes_gpc() is deprecated in /Users/sachin/wardtwenty_four/wp-includes/formatting.php on line 4387
[25-Aug-2026 17:20:09 UTC] PHP Deprecated:  Function get_magic_quotes_gpc() is deprecated in /Users/sachin/wardtwenty_four/wp-includes/formatting.php on line 4387
[25-Aug-2026 17:20:09 UTC] PHP Deprecated:  Function get_magic_quotes_gpc() is deprecated in /Users/sachin/wardtwenty_four/wp-includes/formatting.php on line 4387
[25-Aug-2026 17:20:09 UTC] PHP Deprecated:  Function get_magic_quotes_gpc() is deprecated in /Users/sachin/wardtwenty_four/wp-includes/formatting.php on line 4387
[25-Aug-2026 17:20:09 UTC] PHP Deprecated:  Function get_magic_quotes_gpc() is deprecated in /Users/sachin/wardtwenty_four/wp-includes/formatting.php on line 4387
[25-Aug-2026 17:20:09 UTC] PHP Deprecated:  Function get_magic_quotes_gpc() is deprecated in /Users/sachin/wardtwenty_four/wp-includes/formatting.php on line 4387
[25-Aug-2026 17:20:09 UTC] PHP Deprecated:  Function get_magic_quotes_gpc() is deprecated in /Users/sachin/wardtwenty_four/wp-includes/formatting.php on line 4387
[25-Aug-2026 17:20:09 UTC] PHP Deprecated:  Function get_magic_quotes_gpc() is deprecated in /Users/sachin/wardtwenty_four/wp-includes/formatting.php on line 4387
[25-Aug-2026 17:20:09 UTC] PHP Deprecated:  Function get_magic_quotes_gpc() is deprecated in /Users/sachin/wardtwenty_four/wp-includes/formatting.php on line 4387
[25-Aug-2026 17:20:09 UTC] PHP Deprecated:  Function get_magic_quotes_gpc() is deprecated in /Users/sachin/wardtwenty_four/wp-includes/formatting.php on line 4387
[25-Aug-2026 17:20:09 UTC] PHP Deprecated:  Function get_magic_quotes_gpc() is deprecated in /Users/sachin/wardtwenty_four/wp-includes/formatting.php on line 4387
[25-Aug-2026 17:20:09 UTC] PHP Deprecated:  Function get_magic_quotes_gpc() is deprecated in /Users/sachin/wardtwenty_four/wp-includes/formatting.php on line 4387
[25-Aug-2026 17:20:09 UTC] PHP Deprecated:  Function get_magic_quotes_gpc() is deprecated in /Users/sachin/wardtwenty_four/wp-includes/formatting.php on line 4387
[25-Aug-2026 17:20:09 UTC] PHP Deprecated:  Function get_magic_quotes_gpc() is deprecated in /Users/sachin/wardtwenty_four/wp-includes/formatting.php on line 4387
[25-Aug-2026 17:20:09 UTC] PHP Deprecated:  Function get_magic_quotes_gpc() is deprecated in /Users/sachin/wardtwenty_four/wp-includes/formatting.php on line 4387
[25-Aug-2026 17:20:09 UTC] PHP Deprecated:  Function get_magic_quotes_gpc() is deprecated in /Users/sachin/wardtwenty_four/wp-includes/formatting.php on line 4387
[25-Aug-2026 17:20:09 UTC] PHP Deprecated:  Function get_magic_quotes_gpc() is deprecated in /Users/sachin/wardtwenty_four/wp-includes/formatting.php on line 4387
[25-Aug-2026 17:20:09 UTC] PHP Deprecated:  Function get_magic_quotes_gpc() is deprecated in /Users/sachin/wardtwenty_four/wp-includes/formatting.php on line 4387
[25-Aug-2026 17:20:09 UTC] PHP Deprecated:  Function get_magic_quotes_gpc() is deprecated in /Users/sachin/wardtwenty_four/wp-includes/formatting.php on line 4387
[25-Aug-2026 17:20:09 UTC] PHP Deprecated:  Function get_magic_quotes_gpc() is deprecated in /Users/sachin/wardtwenty_four/wp-includes/formatting.php on line 4387
[25-Aug-2026 17:20:09 UTC] PHP Deprecated:  Function get_magic_quotes_gpc() is deprecated in /Users/sachin/wardtwenty_four/wp-includes/formatting.php on line 4387
[25-Aug-2026 17:20:09 UTC] PHP Deprecated:  Function get_magic_quotes_gpc() is deprecated in /Users/sachin/wardtwenty_four/wp-includes/formatting.php on line 4387
[25-Aug-2026 17:20:09 UTC] PHP Deprecated:  Function get_magic_quotes_gpc() is deprecated in /Users/sachin/wardtwenty_four/wp-includes/formatting.php on line 4387
[25-Aug-2026 17:20:09 UTC] PHP Deprecated:  Function get_magic_quotes_gpc() is deprecated in /Users/sachin/wardtwenty_four/wp-includes/formatting.php on line 4387
[25-Aug-2026 17:20:09 UTC] PHP Deprecated:  Function get_magic_quotes_gpc() is deprecated in /Users/sachin/wardtwenty_four/wp-includes/formatting.php on line 4387
[25-Aug-2026 17:20:09 UTC] PHP Deprecated:  Function get_magic_quotes_gpc() is deprecated in /Users/sachin/wardtwenty_four/wp-includes/formatting.php on line 4387
[25-Aug-2026 17:20:09 UTC] PHP Deprecated:  Function get_magic_quotes_gpc() is deprecated in /Users/sachin/wardtwenty_four/wp-includes/formatting.php on line 4387
[25-Aug-2026 17:20:09 UTC] PHP Deprecated:  Function get_magic_quotes_gpc() is deprecated in /Users/sachin/wardtwenty_four/wp-includes/formatting.php on line 4387
[25-Aug-2026 17:20:09 UTC] PHP Deprecated:  Function get_magic_quotes_gpc() is deprecated in /Users/sachin/wardtwenty_four/wp-includes/formatting.php on line 4387
[25-Aug-2026 17:20:09 UTC] PHP Deprecated:  Function get_magic_quotes_gpc() is deprecated in /Users/sachin/wardtwenty_four/wp-includes/formatting.php on line 4387
[25-Aug-2026 17:20:09 UTC] PHP Deprecated:  Function get_magic_quotes_gpc() is deprecated in /Users/sachin/wardtwenty_four/wp-includes/formatting.php on line 4387
[25-Aug-2026 17:20:09 UTC] PHP Deprecated:  Function get_magic_quotes_gpc() is deprecated in /Users/sachin/wardtwenty_four/wp-includes/formatting.php on line 4387
[25-Aug-2026 17:20:09 UTC] PHP Deprecated:  Function get_magic_quotes_gpc() is deprecated in /Users/sachin/wardtwenty_four/wp-includes/formatting.php on line 4387
[25-Aug-2026 17:20:09 UTC] PHP Deprecated:  Function get_magic_quotes_gpc() is deprecated in /Users/sachin/wardtwenty_four/wp-includes/formatting.php on line 4387
[25-Aug-2026 17:20:09 UTC] PHP Deprecated:  Function get_magic_quotes_gpc() is deprecated in /Users/sachin/wardtwenty_four/wp-includes/formatting.php on line 4387
[25-Aug-2026 17:20:09 UTC] PHP Deprecated:  Function get_magic_quotes_gpc() is deprecated in /Users/sachin/wardtwenty_four/wp-includes/formatting.php on line 4387
[25-Aug-2026 17:20:09 UTC] PHP Deprecated:  Function get_magic_quotes_gpc() is deprecated in /Users/sachin/wardtwenty_four/wp-includes/formatting.php on line 4387
[25-Aug-2026 17:20:09 UTC] PHP Deprecated:  Function get_magic_quotes_gpc() is deprecated in /Users/sachin/wardtwenty_four/wp-includes/formatting.php on line 4387
[25-Aug-2026 17:20:09 UTC] PHP Deprecated:  Function get_magic_quotes_gpc() is deprecated in /Users/sachin/wardtwenty_four/wp-includes/formatting.php on line 4387
[25-Aug-2026 17:20:09 UTC] PHP Deprecated:  Function get_magic_quotes_gpc() is deprecated in /Users/sachin/wardtwenty_four/wp-includes/formatting.php on line 4387
[25-Aug-2026 17:20:09 UTC] PHP Deprecated:  Function get_magic_quotes_gpc() is deprecated in /Users/sachin/wardtwenty_four/wp-includes/formatting.php on line 4387
[25-Aug-2026 17:20:09 UTC] PHP Deprecated:  Function get_magic_quotes_gpc() is deprecated in /Users/sachin/wardtwenty_four/wp-includes/formatting.php on line 4387
[25-Aug-2026 17:20:09 UTC] PHP Deprecated:  Function get_magic_quotes_gpc() is deprecated in /Users/sachin/wardtwenty_four/wp-includes/formatting.php on line 4387
[25-Aug-2026 17:20:09 UTC] PHP Deprecated:  Function get_magic_quotes_gpc() is deprecated in /Users/sachin/wardtwenty_four/wp-includes/formatting.php on line 4387
[25-Aug-2026 17:20:09 UTC] PHP Deprecated:  Function get_magic_quotes_gpc() is deprecated in /Users/sachin/wardtwenty_four/wp-includes/formatting.php on line 4387
[25-Aug-2026 17:20:09 UTC] PHP Deprecated:  Function get_magic_quotes_gpc() is deprecated in /Users/sachin/wardtwenty_four/wp-includes/formatting.php on line 4387
[25-Aug-2026 17:20:09 UTC] PHP Deprecated:  Function get_magic_quotes_gpc() is deprecated in /Users/sachin/wardtwenty_four/wp-includes/formatting.php on line 4387
[25-Aug-2026 17:20:09 UTC] PHP Deprecated:  Function get_magic_quotes_gpc() is deprecated in /Users/sachin/wardtwenty_four/wp-includes/formatting.php on line 4387
[25-Aug-2026 17:20:09 UTC] PHP Deprecated:  Function get_magic_quotes_gpc() is deprecated in /Users/sachin/wardtwenty_four/wp-includes/formatting.php on line 4387
[25-Aug-2026 17:20:09 UTC] PHP Deprecated:  Function get_magic_quotes_gpc() is deprecated in /Users/sachin/wardtwenty_four/wp-includes/formatting.php on line 4387
[25-Aug-2026 17:20:09 UTC] PHP Deprecated:  Function get_magic_quotes_gpc() is deprecated in /Users/sachin/wardtwenty_four/wp-includes/formatting.php on line 4387
[25-Aug-2026 17:20:09 UTC] PHP Deprecated:  Function get_magic_quotes_gpc() is deprecated in /Users/sachin/wardtwenty_four/wp-includes/formatting.php on line 4387
[25-Aug-2026 17:20:09 UTC] PHP Deprecated:  Function get_magic_quotes_gpc() is deprecated in /Users/sachin/wardtwenty_four/wp-includes/formatting.php on line 4387
[25-Aug-2026 17:20:09 UTC] PHP Deprecated:  Function get_magic_quotes_gpc() is deprecated in /Users/sachin/wardtwenty_four/wp-includes/formatting.php on line 4387
[25-Aug-2026 17:20:09 UTC] PHP Deprecated:  Function get_magic_quotes_gpc() is deprecated in /Users/sachin/wardtwenty_four/wp-includes/formatting.php on line 4387
[25-Aug-2026 17:20:09 UTC] PHP Deprecated:  Function get_magic_quotes_gpc() is deprecated in /Users/sachin/wardtwenty_four/wp-includes/formatting.php on line 4387
[25-Aug-2026 17:20:09 UTC] PHP Deprecated:  Function get_magic_quotes_gpc() is deprecated in /Users/sachin/wardtwenty_four/wp-includes/formatting.php on line 4387
[25-Aug-2026 17:20:09 UTC] PHP Deprecated:  Function get_magic_quotes_gpc() is deprecated in /Users/sachin/wardtwenty_four/wp-includes/formatting.php on line 4387
[25-Aug-2026 17:20:09 UTC] PHP Deprecated:  Function get_magic_quotes_gpc() is deprecated in /Users/sachin/wardtwenty_four/wp-includes/formatting.php on line 4387
[25-Aug-2026 17:20:09 UTC] PHP Deprecated:  Function get_magic_quotes_gpc() is deprecated in /Users/sachin/wardtwenty_four/wp-includes/formatting.php on line 4387
[25-Aug-2026 17:20:09 UTC] PHP Deprecated:  Function get_magic_quotes_gpc() is deprecated in /Users/sachin/wardtwenty_four/wp-includes/formatting.php on line 4387
[25-Aug-2026 17:20:09 UTC] PHP Deprecated:  Function get_magic_quotes_gpc() is deprecated in /Users/sachin/wardtwenty_four/wp-includes/formatting.php on line 4387
[25-Aug-2026 17:20:09 UTC] PHP Deprecated:  Function get_magic_quotes_gpc() is deprecated in /Users/sachin/wardtwenty_four/wp-includes/formatting.php on line 4387
[25-Aug-2026 17:20:09 UTC] PHP Deprecated:  Function get_magic_quotes_gpc() is deprecated in /Users/sachin/wardtwenty_four/wp-includes/formatting.php on line 4387
[25-Aug-2026 17:20:09 UTC] PHP Deprecated:  Function get_magic_quotes_gpc() is deprecated in /Users/sachin/wardtwenty_four/wp-includes/formatting.php on line 4387
[25-Aug-2026 17:20:09 UTC] PHP Deprecated:  Function get_magic_quotes_gpc() is deprecated in /Users/sachin/wardtwenty_four/wp-includes/formatting.php on line 4387
[25-Aug-2026 17:20:09 UTC] PHP Deprecated:  Function get_magic_quotes_gpc() is deprecated in /Users/sachin/wardtwenty_four/wp-includes/formatting.php on line 4387
[25-Aug-2026 17:20:09 UTC] PHP Deprecated:  Function get_magic_quotes_gpc() is deprecated in /Users/sachin/wardtwenty_four/wp-includes/load.php on line 651
[25-Aug-2026 17:20:09 UTC] PHP Notice:  Trying to access array offset on value of type bool in /Users/sachin/wardtwenty_four/wp-includes/theme.php on line 2241
[25-Aug-2026 17:20:09 UTC] PHP Deprecated:  Function get_magic_quotes_gpc() is deprecated in /Users/sachin/wardtwenty_four/wp-includes/formatting.php on line 4387
[25-Aug-2026 17:20:09 UTC] PHP Deprecated:  Function get_magic_quotes_gpc() is deprecated in /Users/sachin/wardtwenty_four/wp-includes/formatting.php on line 4387
[25-Aug-2026 17:20:13 UTC] PHP Deprecated:  Function get_magic_quotes_gpc() is deprecated in /Users/sachin/wardtwenty_four/wp-includes/load.php on line 651
[25-Aug-2026 17:20:13 UTC] PHP Notice:  Trying to access array offset on value of type bool in /Users/sachin/wardtwenty_four/wp-includes/theme.php on line 2241
[25-Aug-2026 17:20:13 UTC] PHP Deprecated:  Function get_magic_quotes_gpc() is deprecated in /Users/sachin/wardtwenty_four/wp-includes/formatting.php on line 4387
[25-Aug-2026 17:20:13 UTC] PHP Deprecated:  Function get_magic_quotes_gpc() is deprecated in /Users/sachin/wardtwenty_four/wp-includes/formatting.php on line 4387
[25-Aug-2026 17:20:13 UTC] PHP Deprecated:  Function get_magic_quotes_gpc() is deprecated in /Users/sachin/wardtwenty_four/wp-includes/formatting.php on line 4387
[25-Aug-2026 17:20:13 UTC] PHP Deprecated:  Function get_magic_quotes_gpc() is deprecated in /Users/sachin/wardtwenty_four/wp-includes/formatting.php on line 4387
[25-Aug-2026 17:20:13 UTC] PHP Deprecated:  Function get_magic_quotes_gpc() is deprecated in /Users/sachin/wardtwenty_four/wp-includes/formatting.php on line 4387
[25-Aug-2026 17:20:13 UTC] PHP Deprecated:  Function get_magic_quotes_gpc() is deprecated in /Users/sachin/wardtwenty_four/wp-includes/formatting.php on line 4387
[25-Aug-2026 17:20:13 UTC] PHP Deprecated:  Function get_magic_quotes_gpc() is deprecated in /Users/sachin/wardtwenty_four/wp-includes/formatting.php on line 4387
[25-Aug-2026 17:20:13 UTC] PHP Deprecated:  Function get_magic_quotes_gpc() is deprecated in /Users/sachin/wardtwenty_four/wp-includes/formatting.php on line 4387
[25-Aug-2026 17:20:13 UTC] PHP Deprecated:  Function get_magic_quotes_gpc() is deprecated in /Users/sachin/wardtwenty_four/wp-includes/formatting.php on line 4387
[25-Aug-2026 17:20:13 UTC] PHP Deprecated:  Function get_magic_quotes_gpc() is deprecated in /Users/sachin/wardtwenty_four/wp-includes/formatting.php on line 4387
[25-Aug-2026 17:20:13 UTC] PHP Deprecated:  Function get_magic_quotes_gpc() is deprecated in /Users/sachin/wardtwenty_four/wp-includes/formatting.php on line 4387
[25-Aug-2026 17:20:13 UTC] PHP Deprecated:  Function get_magic_quotes_gpc() is deprecated in /Users/sachin/wardtwenty_four/wp-includes/formatting.php on line 4387
[25-Aug-2026 17:20:13 UTC] PHP Deprecated:  Function get_magic_quotes_gpc() is deprecated in /Users/sachin/wardtwenty_four/wp-includes/formatting.php on line 4387
[25-Aug-2026 17:20:13 UTC] PHP Deprecated:  Function get_magic_quotes_gpc() is deprecated in /Users/sachin/wardtwenty_four/wp-includes/formatting.php on line 4387
[25-Aug-2026 17:20:13 UTC] PHP Deprecated:  Function get_magic_quotes_gpc() is deprecated in /Users/sachin/wardtwenty_four/wp-includes/formatting.php on line 4387
[25-Aug-2026 17:20:13 UTC] PHP Deprecated:  Function get_magic_quotes_gpc() is deprecated in /Users/sachin/wardtwenty_four/wp-includes/formatting.php on line 4387
[25-Aug-2026 17:20:13 UTC] PHP Deprecated:  Function get_magic_quotes_gpc() is deprecated in /Users/sachin/wardtwenty_four/wp-includes/formatting.php on line 4387
[25-Aug-2026 17:20:13 UTC] PHP Deprecated:  Function get_magic_quotes_gpc() is deprecated in /Users/sachin/wardtwenty_four/wp-includes/formatting.php on line 4387
[25-Aug-2026 17:20:13 UTC] PHP Deprecated:  Function get_magic_quotes_gpc() is deprecated in /Users/sachin/wardtwenty_four/wp-includes/formatting.php on line 4387
[25-Aug-2026 17:20:13 UTC] PHP Deprecated:  Function get_magic_quotes_gpc() is deprecated in /Users/sachin/wardtwenty_four/wp-includes/formatting.php on line 4387
[25-Aug-2026 17:20:13 UTC] PHP Deprecated:  Function get_magic_quotes_gpc() is deprecated in /Users/sachin/wardtwenty_four/wp-includes/formatting.php on line 4387
[25-Aug-2026 17:20:13 UTC] PHP Deprecated:  Function get_magic_quotes_gpc() is deprecated in /Users/sachin/wardtwenty_four/wp-includes/formatting.php on line 4387
[25-Aug-2026 17:20:13 UTC] PHP Deprecated:  Function get_magic_quotes_gpc() is deprecated in /Users/sachin/wardtwenty_four/wp-includes/formatting.php on line 4387
[25-Aug-2026 17:20:13 UTC] PHP Deprecated:  Function get_magic_quotes_gpc() is deprecated in /Users/sachin/wardtwenty_four/wp-includes/formatting.php on line 4387
[25-Aug-2026 17:20:13 UTC] PHP Deprecated:  Function get_magic_quotes_gpc() is deprecated in /Users/sachin/wardtwenty_four/wp-includes/formatting.php on line 4387
[25-Aug-2026 17:20:13 UTC] PHP Deprecated:  Function get_magic_quotes_gpc() is deprecated in /Users/sachin/wardtwenty_four/wp-includes/formatting.php on line 4387
[25-Aug-2026 17:20:13 UTC] PHP Deprecated:  Function get_magic_quotes_gpc() is deprecated in /Users/sachin/wardtwenty_four/wp-includes/formatting.php on line 4387
[25-Aug-2026 17:20:13 UTC] PHP Deprecated:  Function get_magic_quotes_gpc() is deprecated in /Users/sachin/wardtwenty_four/wp-includes/formatting.php on line 4387
[25-Aug-2026 17:20:13 UTC] PHP Deprecated:  Function get_magic_quotes_gpc() is deprecated in /Users/sachin/wardtwenty_four/wp-includes/formatting.php on line 4387
[25-Aug-2026 17:20:13 UTC] PHP Deprecated:  Function get_magic_quotes_gpc() is deprecated in /Users/sachin/wardtwenty_four/wp-includes/formatting.php on line 4387
[25-Aug-2026 17:20:13 UTC] PHP Deprecated:  Function get_magic_quotes_gpc() is deprecated in /Users/sachin/wardtwenty_four/wp-includes/formatting.php on line 4387
[25-Aug-2026 17:20:13 UTC] PHP Deprecated:  Function get_magic_quotes_gpc() is deprecated in /Users/sachin/wardtwenty_four/wp-includes/formatting.php on line 4387
[25-Aug-2026 17:20:13 UTC] PHP Deprecated:  Function get_magic_quotes_gpc() is deprecated in /Users/sachin/wardtwenty_four/wp-includes/formatting.php on line 4387
[25-Aug-2026 17:20:13 UTC] PHP Deprecated:  Function get_magic_quotes_gpc() is deprecated in /Users/sachin/wardtwenty_four/wp-includes/formatting.php on line 4387
[25-Aug-2026 17:20:13 UTC] PHP Deprecated:  Function get_magic_quotes_gpc() is deprecated in /Users/sachin/wardtwenty_four/wp-includes/formatting.php on line 4387
[25-Aug-2026 17:20:13 UTC] PHP Deprecated:  Function get_magic_quotes_gpc() is deprecated in /Users/sachin/wardtwenty_four/wp-includes/formatting.php on line 4387
[25-Aug-2026 17:20:13 UTC] PHP Deprecated:  Function get_magic_quotes_gpc() is deprecated in /Users/sachin/wardtwenty_four/wp-includes/formatting.php on line 4387
[25-Aug-2026 17:20:13 UTC] PHP Deprecated:  Function get_magic_quotes_gpc() is deprecated in /Users/sachin/wardtwenty_four/wp-includes/formatting.php on line 4387
[25-Aug-2026 17:20:13 UTC] PHP Deprecated:  Function get_magic_quotes_gpc() is deprecated in /Users/sachin/wardtwenty_four/wp-includes/formatting.php on line 4387
[25-Aug-2026 17:20:13 UTC] PHP Deprecated:  Function get_magic_quotes_gpc() is deprecated in /Users/sachin/wardtwenty_four/wp-includes/formatting.php on line 4387
[25-Aug-2026 17:20:13 UTC] PHP Deprecated:  Function get_magic_quotes_gpc() is deprecated in /Users/sachin/wardtwenty_four/wp-includes/formatting.php on line 4387
[25-Aug-2026 17:20:13 UTC] PHP Deprecated:  Function get_magic_quotes_gpc() is deprecated in /Users/sachin/wardtwenty_four/wp-includes/formatting.php on line 4387
[25-Aug-2026 17:20:13 UTC] PHP Deprecated:  Function get_magic_quotes_gpc() is deprecated in /Users/sachin/wardtwenty_four/wp-includes/formatting.php on line 4387
[25-Aug-2026 17:20:13 UTC] PHP Deprecated:  Function get_magic_quotes_gpc() is deprecated in /Users/sachin/wardtwenty_four/wp-includes/formatting.php on line 4387
[25-Aug-2026 17:20:13 UTC] PHP Deprecated:  Function get_magic_quotes_gpc() is deprecated in /Users/sachin/wardtwenty_four/wp-includes/formatting.php on line 4387
[25-Aug-2026 17:20:13 UTC] PHP Deprecated:  Function get_magic_quotes_gpc() is deprecated in /Users/sachin/wardtwenty_four/wp-includes/formatting.php on line 4387
[25-Aug-2026 17:20:13 UTC] PHP Deprecated:  Function get_magic_quotes_gpc() is deprecated in /Users/sachin/wardtwenty_four/wp-includes/formatting.php on line 4387
[25-Aug-2026 17:20:13 UTC] PHP Deprecated:  Function get_magic_quotes_gpc() is deprecated in /Users/sachin/wardtwenty_four/wp-includes/formatting.php on line 4387
[25-Aug-2026 17:20:13 UTC] PHP Deprecated:  Function get_magic_quotes_gpc() is deprecated in /Users/sachin/wardtwenty_four/wp-includes/formatting.php on line 4387
[25-Aug-2026 17:20:13 UTC] PHP Deprecated:  Function get_magic_quotes_gpc() is deprecated in /Users/sachin/wardtwenty_four/wp-includes/formatting.php on line 4387
[25-Aug-2026 17:20:13 UTC] PHP Deprecated:  Function get_magic_quotes_gpc() is deprecated in /Users/sachin/wardtwenty_four/wp-includes/formatting.php on line 4387
[25-Aug-2026 17:20:13 UTC] PHP Deprecated:  Function get_magic_quotes_gpc() is deprecated in /Users/sachin/wardtwenty_four/wp-includes/formatting.php on line 4387
[25-Aug-2026 17:20:13 UTC] PHP Deprecated:  Function get_magic_quotes_gpc() is deprecated in /Users/sachin/wardtwenty_four/wp-includes/formatting.php on line 4387
[25-Aug-2026 17:20:13 UTC] PHP Deprecated:  Function get_magic_quotes_gpc() is deprecated in /Users/sachin/wardtwenty_four/wp-includes/formatting.php on line 4387
[25-Aug-2026 17:20:13 UTC] PHP Deprecated:  Function get_magic_quotes_gpc() is deprecated in /Users/sachin/wardtwenty_four/wp-includes/formatting.php on line 4387
[25-Aug-2026 17:20:13 UTC] PHP Deprecated:  Function get_magic_quotes_gpc() is deprecated in /Users/sachin/wardtwenty_four/wp-includes/formatting.php on line 4387
[25-Aug-2026 17:20:13 UTC] PHP Deprecated:  Function get_magic_quotes_gpc() is deprecated in /Users/sachin/wardtwenty_four/wp-includes/formatting.php on line 4387
[25-Aug-2026 17:20:13 UTC] PHP Deprecated:  Function get_magic_quotes_gpc() is deprecated in /Users/sachin/wardtwenty_four/wp-includes/formatting.php on line 4387
[25-Aug-2026 17:20:13 UTC] PHP Deprecated:  Function get_magic_quotes_gpc() is deprecated in /Users/sachin/wardtwenty_four/wp-includes/formatting.php on line 4387
[25-Aug-2026 17:20:13 UTC] PHP Deprecated:  Function get_magic_quotes_gpc() is deprecated in /Users/sachin/wardtwenty_four/wp-includes/formatting.php on line 4387
[25-Aug-2026 17:20:13 UTC] PHP Deprecated:  Function get_magic_quotes_gpc() is deprecated in /Users/sachin/wardtwenty_four/wp-includes/formatting.php on line 4387
[25-Aug-2026 17:20:13 UTC] PHP Deprecated:  Function get_magic_quotes_gpc() is deprecated in /Users/sachin/wardtwenty_four/wp-includes/formatting.php on line 4387
[25-Aug-2026 17:20:13 UTC] PHP Deprecated:  Function get_magic_quotes_gpc() is deprecated in /Users/sachin/wardtwenty_four/wp-includes/formatting.php on line 4387
[25-Aug-2026 17:20:13 UTC] PHP Deprecated:  Function get_magic_quotes_gpc() is deprecated in /Users/sachin/wardtwenty_four/wp-includes/formatting.php on line 4387
[25-Aug-2026 17:20:13 UTC] PHP Deprecated:  Function get_magic_quotes_gpc() is deprecated in /Users/sachin/wardtwenty_four/wp-includes/formatting.php on line 4387
[25-Aug-2026 17:20:13 UTC] PHP Deprecated:  Function get_magic_quotes_gpc() is deprecated in /Users/sachin/wardtwenty_four/wp-includes/formatting.php on line 4387
[25-Aug-2026 17:20:13 UTC] PHP Notice:  Trying to access array offset on value of type bool in /Users/sachin/wardtwenty_four/wp-admin/includes/update.php on line 608
[25-Aug-2026 17:20:13 UTC] PHP Deprecated:  Function get_magic_quotes_gpc() is deprecated in /Users/sachin/wardtwenty_four/wp-includes/formatting.php on line 4387
[25-Aug-2026 17:20:13 UTC] PHP Deprecated:  Function get_magic_quotes_gpc() is deprecated in /Users/sachin/wardtwenty_four/wp-includes/formatting.php on line 4387
[25-Aug-2026 17:20:13 UTC] PHP Deprecated:  Function get_magic_quotes_gpc() is deprecated in /Users/sachin/wardtwenty_four/wp-includes/formatting.php on line 4387
[25-Aug-2026 17:20:13 UTC] PHP Deprecated:  Function get_magic_quotes_gpc() is deprecated in /Users/sachin/wardtwenty_four/wp-includes/formatting.php on line 4387
[25-Aug-2026 17:20:13 UTC] PHP Deprecated:  Function get_magic_quotes_gpc() is deprecated in /Users/sachin/wardtwenty_four/wp-includes/formatting.php on line 4387
[25-Aug-2026 17:20:13 UTC] PHP Deprecated:  Function get_magic_quotes_gpc() is deprecated in /Users/sachin/wardtwenty_four/wp-includes/formatting.php on line 4387
[25-Aug-2026 17:20:13 UTC] PHP Deprecated:  Function get_magic_quotes_gpc() is deprecated in /Users/sachin/wardtwenty_four/wp-includes/formatting.php on line 4387
[25-Aug-2026 17:20:13 UTC] PHP Deprecated:  Function get_magic_quotes_gpc() is deprecated in /Users/sachin/wardtwenty_four/wp-includes/formatting.php on line 4387
[25-Aug-2026 17:20:13 UTC] PHP Deprecated:  Function get_magic_quotes_gpc() is deprecated in /Users/sachin/wardtwenty_four/wp-includes/formatting.php on line 4387
[25-Aug-2026 17:20:13 UTC] PHP Deprecated:  Function get_magic_quotes_gpc() is deprecated in /Users/sachin/wardtwenty_four/wp-includes/formatting.php on line 4387
[25-Aug-2026 17:20:13 UTC] PHP Deprecated:  Function get_magic_quotes_gpc() is deprecated in /Users/sachin/wardtwenty_four/wp-includes/formatting.php on line 4387
[25-Aug-2026 17:20:13 UTC] PHP Deprecated:  Function get_magic_quotes_gpc() is deprecated in /Users/sachin/wardtwenty_four/wp-includes/formatting.php on line 4387
[25-Aug-2026 17:20:13 UTC] PHP Deprecated:  Function get_magic_quotes_gpc() is deprecated in /Users/sachin/wardtwenty_four/wp-includes/formatting.php on line 4387
[25-Aug-2026 17:20:13 UTC] PHP Deprecated:  Function get_magic_quotes_gpc() is deprecated in /Users/sachin/wardtwenty_four/wp-includes/formatting.php on line 4387
[25-Aug-2026 17:20:13 UTC] PHP Deprecated:  Function get_magic_quotes_gpc() is deprecated in /Users/sachin/wardtwenty_four/wp-includes/formatting.php on line 4387
[25-Aug-2026 17:20:13 UTC] PHP Deprecated:  Function get_magic_quotes_gpc() is deprecated in /Users/sachin/wardtwenty_four/wp-includes/formatting.php on line 4387
[25-Aug-2026 17:20:13 UTC] PHP Deprecated:  Function get_magic_quotes_gpc() is deprecated in /Users/sachin/wardtwenty_four/wp-includes/formatting.php on line 4387
[25-Aug-2026 17:20:13 UTC] PHP Deprecated:  Function get_magic_quotes_gpc() is deprecated in /Users/sachin/wardtwenty_four/wp-includes/formatting.php on line 4387
[25-Aug-2026 17:20:13 UTC] PHP Deprecated:  Function get_magic_quotes_gpc() is deprecated in /Users/sachin/wardtwenty_four/wp-includes/formatting.php on line 4387
[25-Aug-2026 17:20:13 UTC] PHP Deprecated:  Function get_magic_quotes_gpc() is deprecated in /Users/sachin/wardtwenty_four/wp-includes/formatting.php on line 4387
[25-Aug-2026 17:20:13 UTC] PHP Deprecated:  Function get_magic_quotes_gpc() is deprecated in /Users/sachin/wardtwenty_four/wp-includes/formatting.php on line 4387
[25-Aug-2026 17:20:13 UTC] PHP Deprecated:  Function get_magic_quotes_gpc() is deprecated in /Users/sachin/wardtwenty_four/wp-includes/load.php on line 651
[25-Aug-2026 17:20:13 UTC] PHP Notice:  Trying to access array offset on value of type bool in /Users/sachin/wardtwenty_four/wp-includes/theme.php on line 2241
[25-Aug-2026 17:20:13 UTC] PHP Deprecated:  Function get_magic_quotes_gpc() is deprecated in /Users/sachin/wardtwenty_four/wp-includes/formatting.php on line 4387
[25-Aug-2026 17:20:13 UTC] PHP Deprecated:  Function get_magic_quotes_gpc() is deprecated in /Users/sachin/wardtwenty_four/wp-includes/formatting.php on line 4387
[25-Aug-2026 17:20:13 UTC] PHP Deprecated:  Function get_magic_quotes_gpc() is deprecated in /Users/sachin/wardtwenty_four/wp-includes/formatting.php on line 2448
[25-Aug-2026 17:20:13 UTC] PHP Deprecated:  Function get_magic_quotes_gpc() is deprecated in /Users/sachin/wardtwenty_four/wp-includes/formatting.php on line 2448
[25-Aug-2026 17:20:16 UTC] PHP Deprecated:  Function get_magic_quotes_gpc() is deprecated in /Users/sachin/wardtwenty_four/wp-includes/load.php on line 651
[25-Aug-2026 17:20:16 UTC] PHP Notice:  Trying to access array offset on value of type bool in /Users/sachin/wardtwenty_four/wp-includes/theme.php on line 2241
[25-Aug-2026 17:20:16 UTC] PHP Deprecated:  Function get_magic_quotes_gpc() is deprecated in /Users/sachin/wardtwenty_four/wp-includes/formatting.php on line 4387
[25-Aug-2026 17:20:16 UTC] PHP Deprecated:  Function get_magic_quotes_gpc() is deprecated in /Users/sachin/wardtwenty_four/wp-includes/formatting.php on line 4387
[25-Aug-2026 17:20:16 UTC] PHP Deprecated:  Function get_magic_quotes_gpc() is deprecated in /Users/sachin/wardtwenty_four/wp-includes/formatting.php on line 4387
[25-Aug-2026 17:20:16 UTC] PHP Deprecated:  Function get_magic_quotes_gpc() is deprecated in /Users/sachin/wardtwenty_four/wp-includes/formatting.php on line 4387
[25-Aug-2026 17:20:16 UTC] PHP Deprecated:  Function get_magic_quotes_gpc() is deprecated in /Users/sachin/wardtwenty_four/wp-includes/formatting.php on line 4387
[25-Aug-2026 17:20:16 UTC] PHP Deprecated:  Function get_magic_quotes_gpc() is deprecated in /Users/sachin/wardtwenty_four/wp-includes/formatting.php on line 4387
[25-Aug-2026 17:20:16 UTC] PHP Deprecated:  Function get_magic_quotes_gpc() is deprecated in /Users/sachin/wardtwenty_four/wp-includes/formatting.php on line 4387
[25-Aug-2026 17:20:16 UTC] PHP Deprecated:  Function get_magic_quotes_gpc() is deprecated in /Users/sachin/wardtwenty_four/wp-includes/formatting.php on line 4387
[25-Aug-2026 17:20:16 UTC] PHP Deprecated:  Function get_magic_quotes_gpc() is deprecated in /Users/sachin/wardtwenty_four/wp-includes/formatting.php on line 4387
[25-Aug-2026 17:20:16 UTC] PHP Deprecated:  Function get_magic_quotes_gpc() is deprecated in /Users/sachin/wardtwenty_four/wp-includes/formatting.php on line 4387
[25-Aug-2026 17:20:16 UTC] PHP Deprecated:  Function get_magic_quotes_gpc() is deprecated in /Users/sachin/wardtwenty_four/wp-includes/formatting.php on line 4387
[25-Aug-2026 17:20:16 UTC] PHP Deprecated:  Function get_magic_quotes_gpc() is deprecated in /Users/sachin/wardtwenty_four/wp-includes/formatting.php on line 4387
[25-Aug-2026 17:20:16 UTC] PHP Deprecated:  Function get_magic_quotes_gpc() is deprecated in /Users/sachin/wardtwenty_four/wp-includes/formatting.php on line 4387
[25-Aug-2026 17:20:16 UTC] PHP Deprecated:  Function get_magic_quotes_gpc() is deprecated in /Users/sachin/wardtwenty_four/wp-includes/formatting.php on line 4387
[25-Aug-2026 17:20:16 UTC] PHP Deprecated:  Function get_magic_quotes_gpc() is deprecated in /Users/sachin/wardtwenty_four/wp-includes/formatting.php on line 4387
[25-Aug-2026 17:20:16 UTC] PHP Deprecated:  Function get_magic_quotes_gpc() is deprecated in /Users/sachin/wardtwenty_four/wp-includes/formatting.php on line 4387
[25-Aug-2026 17:20:16 UTC] PHP Deprecated:  Function get_magic_quotes_gpc() is deprecated in /Users/sachin/wardtwenty_four/wp-includes/formatting.php on line 4387
[25-Aug-2026 17:20:16 UTC] PHP Deprecated:  Function get_magic_quotes_gpc() is deprecated in /Users/sachin/wardtwenty_four/wp-includes/formatting.php on line 4387
[25-Aug-2026 17:20:16 UTC] PHP Deprecated:  Function get_magic_quotes_gpc() is deprecated in /Users/sachin/wardtwenty_four/wp-includes/formatting.php on line 4387
[25-Aug-2026 17:20:16 UTC] PHP Deprecated:  Function get_magic_quotes_gpc() is deprecated in /Users/sachin/wardtwenty_four/wp-includes/formatting.php on line 4387
[25-Aug-2026 17:20:16 UTC] PHP Deprecated:  Function get_magic_quotes_gpc() is deprecated in /Users/sachin/wardtwenty_four/wp-includes/formatting.php on line 4387
[25-Aug-2026 17:20:16 UTC] PHP Deprecated:  Function get_magic_quotes_gpc() is deprecated in /Users/sachin/wardtwenty_four/wp-includes/formatting.php on line 4387
[25-Aug-2026 17:20:16 UTC] PHP Deprecated:  Function get_magic_quotes_gpc() is deprecated in /Users/sachin/wardtwenty_four/wp-includes/formatting.php on line 4387
[25-Aug-2026 17:20:16 UTC] PHP Deprecated:  Function get_magic_quotes_gpc() is deprecated in /Users/sachin/wardtwenty_four/wp-includes/formatting.php on line 4387
[25-Aug-2026 17:20:16 UTC] PHP Deprecated:  Function get_magic_quotes_gpc() is deprecated in /Users/sachin/wardtwenty_four/wp-includes/formatting.php on line 4387
[25-Aug-2026 17:20:16 UTC] PHP Deprecated:  Function get_magic_quotes_gpc() is deprecated in /Users/sachin/wardtwenty_four/wp-includes/formatting.php on line 4387
[25-Aug-2026 17:20:16 UTC] PHP Deprecated:  Function get_magic_quotes_gpc() is deprecated in /Users/sachin/wardtwenty_four/wp-includes/formatting.php on line 4387
[25-Aug-2026 17:20:16 UTC] PHP Deprecated:  Function get_magic_quotes_gpc() is deprecated in /Users/sachin/wardtwenty_four/wp-includes/formatting.php on line 4387
[25-Aug-2026 17:20:16 UTC] PHP Deprecated:  Function get_magic_quotes_gpc() is deprecated in /Users/sachin/wardtwenty_four/wp-includes/formatting.php on line 4387
[25-Aug-2026 17:20:16 UTC] PHP Deprecated:  Function get_magic_quotes_gpc() is deprecated in /Users/sachin/wardtwenty_four/wp-includes/formatting.php on line 4387
[25-Aug-2026 17:20:16 UTC] PHP Deprecated:  Function get_magic_quotes_gpc() is deprecated in /Users/sachin/wardtwenty_four/wp-includes/formatting.php on line 4387
[25-Aug-2026 17:20:16 UTC] PHP Notice:  compact(): Undefined variable: post_status in /Users/sachin/wardtwenty_four/wp-admin/includes/post.php on line 1080
[25-Aug-2026 17:20:16 UTC] PHP Notice:  compact(): Undefined variable: perm in /Users/sachin/wardtwenty_four/wp-admin/includes/post.php on line 1080
[25-Aug-2026 17:20:16 UTC] PHP Notice:  compact(): Undefined variable: order in /Users/sachin/wardtwenty_four/wp-admin/includes/post.php on line 1080
[25-Aug-2026 17:20:16 UTC] PHP Notice:  compact(): Undefined variable: orderby in /Users/sachin/wardtwenty_four/wp-admin/includes/post.php on line 1080
[25-Aug-2026 17:20:16 UTC] PHP Deprecated:  Function get_magic_quotes_gpc() is deprecated in /Users/sachin/wardtwenty_four/wp-includes/formatting.php on line 4387
[25-Aug-2026 17:20:16 UTC] PHP Deprecated:  Function get_magic_quotes_gpc() is deprecated in /Users/sachin/wardtwenty_four/wp-includes/formatting.php on line 4387
[25-Aug-2026 17:20:16 UTC] PHP Deprecated:  Function get_magic_quotes_gpc() is deprecated in /Users/sachin/wardtwenty_four/wp-includes/formatting.php on line 4387
[25-Aug-2026 17:20:16 UTC] PHP Deprecated:  Function get_magic_quotes_gpc() is deprecated in /Users/sachin/wardtwenty_four/wp-includes/formatting.php on line 4387
[25-Aug-2026 17:20:16 UTC] PHP Deprecated:  Function get_magic_quotes_gpc() is deprecated in /Users/sachin/wardtwenty_four/wp-includes/formatting.php on line 4387
[25-Aug-2026 17:20:16 UTC] PHP Deprecated:  Function get_magic_quotes_gpc() is deprecated in /Users/sachin/wardtwenty_four/wp-includes/formatting.php on line 4387
[25-Aug-2026 17:20:16 UTC] PHP Deprecated:  Function get_magic_quotes_gpc() is deprecated in /Users/sachin/wardtwenty_four/wp-includes/formatting.php on line 4387
[25-Aug-2026 17:20:16 UTC] PHP Deprecated:  Function get_magic_quotes_gpc() is deprecated in /Users/sachin/wardtwenty_four/wp-includes/formatting.php on line 4387
[25-Aug-2026 17:20:16 UTC] PHP Deprecated:  Function get_magic_quotes_gpc() is deprecated in /Users/sachin/wardtwenty_four/wp-includes/formatting.php on line 4387
[25-Aug-2026 17:20:16 UTC] PHP Deprecated:  Function get_magic_quotes_gpc() is deprecated in /Users/sachin/wardtwenty_four/wp-includes/formatting.php on line 4387
[25-Aug-2026 17:20:16 UTC] PHP Deprecated:  Function get_magic_quotes_gpc() is deprecated in /Users/sachin/wardtwenty_four/wp-includes/formatting.php on line 4387
[25-Aug-2026 17:20:16 UTC] PHP Deprecated:  Function get_magic_quotes_gpc() is deprecated in /Users/sachin/wardtwenty_four/wp-includes/formatting.php on line 4387
[25-Aug-2026 17:20:16 UTC] PHP Deprecated:  Function get_magic_quotes_gpc() is deprecated in /Users/sachin/wardtwenty_four/wp-includes/formatting.php on line 4387
[25-Aug-2026 17:20:16 UTC] PHP Deprecated:  Function get_magic_quotes_gpc() is deprecated in /Users/sachin/wardtwenty_four/wp-includes/formatting.php on line 4387
[25-Aug-2026 17:20:16 UTC] PHP Deprecated:  Function get_magic_quotes_gpc() is deprecated in /Users/sachin/wardtwenty_four/wp-includes/formatting.php on line 4387
[25-Aug-2026 17:20:16 UTC] PHP Deprecated:  Function get_magic_quotes_gpc() is deprecated in /Users/sachin/wardtwenty_four/wp-includes/formatting.php on line 4387
[25-Aug-2026 17:20:16 UTC] PHP Deprecated:  Function get_magic_quotes_gpc() is deprecated in /Users/sachin/wardtwenty_four/wp-includes/formatting.php on line 4387
[25-Aug-2026 17:20:16 UTC] PHP Deprecated:  Function get_magic_quotes_gpc() is deprecated in /Users/sachin/wardtwenty_four/wp-includes/formatting.php on line 4387
[25-Aug-2026 17:20:16 UTC] PHP Deprecated:  Function get_magic_quotes_gpc() is deprecated in /Users/sachin/wardtwenty_four/wp-includes/formatting.php on line 4387
[25-Aug-2026 17:20:16 UTC] PHP Deprecated:  Function get_magic_quotes_gpc() is deprecated in /Users/sachin/wardtwenty_four/wp-includes/formatting.php on line 4387
[25-Aug-2026 17:20:16 UTC] PHP Deprecated:  Function get_magic_quotes_gpc() is deprecated in /Users/sachin/wardtwenty_four/wp-includes/formatting.php on line 4387
[25-Aug-2026 17:20:16 UTC] PHP Deprecated:  Function get_magic_quotes_gpc() is deprecated in /Users/sachin/wardtwenty_four/wp-includes/formatting.php on line 4387
[25-Aug-2026 17:20:16 UTC] PHP Deprecated:  Function get_magic_quotes_gpc() is deprecated in /Users/sachin/wardtwenty_four/wp-includes/formatting.php on line 4387
[25-Aug-2026 17:20:16 UTC] PHP Deprecated:  Function get_magic_quotes_gpc() is deprecated in /Users/sachin/wardtwenty_four/wp-includes/formatting.php on line 4387
[25-Aug-2026 17:20:16 UTC] PHP Deprecated:  Function get_magic_quotes_gpc() is deprecated in /Users/sachin/wardtwenty_four/wp-includes/formatting.php on line 4387
[25-Aug-2026 17:20:16 UTC] PHP Deprecated:  Function get_magic_quotes_gpc() is deprecated in /Users/sachin/wardtwenty_four/wp-includes/formatting.php on line 4387
[25-Aug-2026 17:20:16 UTC] PHP Deprecated:  Function get_magic_quotes_gpc() is deprecated in /Users/sachin/wardtwenty_four/wp-includes/formatting.php on line 4387
[25-Aug-2026 17:20:16 UTC] PHP Deprecated:  Function get_magic_quotes_gpc() is deprecated in /Users/sachin/wardtwenty_four/wp-includes/formatting.php on line 4387
[25-Aug-2026 17:20:16 UTC] PHP Deprecated:  Function get_magic_quotes_gpc() is deprecated in /Users/sachin/wardtwenty_four/wp-includes/formatting.php on line 4387
[25-Aug-2026 17:20:16 UTC] PHP Deprecated:  Function get_magic_quotes_gpc() is deprecated in /Users/sachin/wardtwenty_four/wp-includes/formatting.php on line 4387
[25-Aug-2026 17:20:16 UTC] PHP Deprecated:  Function get_magic_quotes_gpc() is deprecated in /Users/sachin/wardtwenty_four/wp-includes/formatting.php on line 4387
[25-Aug-2026 17:20:16 UTC] PHP Deprecated:  Function get_magic_quotes_gpc() is deprecated in /Users/sachin/wardtwenty_four/wp-includes/formatting.php on line 4387
[25-Aug-2026 17:20:16 UTC] PHP Deprecated:  Function get_magic_quotes_gpc() is deprecated in /Users/sachin/wardtwenty_four/wp-includes/formatting.php on line 4387
[25-Aug-2026 17:20:16 UTC] PHP Deprecated:  Function get_magic_quotes_gpc() is deprecated in /Users/sachin/wardtwenty_four/wp-includes/formatting.php on line 4387
[25-Aug-2026 17:20:16 UTC] PHP Deprecated:  Function get_magic_quotes_gpc() is deprecated in /Users/sachin/wardtwenty_four/wp-includes/formatting.php on line 4387
[25-Aug-2026 17:20:16 UTC] PHP Deprecated:  Function get_magic_quotes_gpc() is deprecated in /Users/sachin/wardtwenty_four/wp-includes/formatting.php on line 4387
[25-Aug-2026 17:20:16 UTC] PHP Deprecated:  Function get_magic_quotes_gpc() is deprecated in /Users/sachin/wardtwenty_four/wp-includes/formatting.php on line 4387
[25-Aug-2026 17:20:16 UTC] PHP Deprecated:  Function get_magic_quotes_gpc() is deprecated in /Users/sachin/wardtwenty_four/wp-includes/formatting.php on line 4387
[25-Aug-2026 17:20:16 UTC] PHP Deprecated:  Function get_magic_quotes_gpc() is deprecated in /Users/sachin/wardtwenty_four/wp-includes/formatting.php on line 4387
[25-Aug-2026 17:20:16 UTC] PHP Deprecated:  Function get_magic_quotes_gpc() is deprecated in /Users/sachin/wardtwenty_four/wp-includes/formatting.php on line 4387
[25-Aug-2026 17:20:16 UTC] PHP Deprecated:  Function get_magic_quotes_gpc() is deprecated in /Users/sachin/wardtwenty_four/wp-includes/formatting.php on line 4387
[25-Aug-2026 17:20:16 UTC] PHP Deprecated:  Function get_magic_quotes_gpc() is deprecated in /Users/sachin/wardtwenty_four/wp-includes/formatting.php on line 4387
[25-Aug-2026 17:20:16 UTC] PHP Deprecated:  Function get_magic_quotes_gpc() is deprecated in /Users/sachin/wardtwenty_four/wp-includes/formatting.php on line 4387
[25-Aug-2026 17:20:16 UTC] PHP Notice:  Trying to access array offset on value of type bool in /Users/sachin/wardtwenty_four/wp-admin/includes/update.php on line 608
[25-Aug-2026 17:20:16 UTC] PHP Deprecated:  Function get_magic_quotes_gpc() is deprecated in /Users/sachin/wardtwenty_four/wp-includes/formatting.php on line 4387
[25-Aug-2026 17:20:16 UTC] PHP Deprecated:  Function get_magic_quotes_gpc() is deprecated in /Users/sachin/wardtwenty_four/wp-includes/formatting.php on line 4387
[25-Aug-2026 17:20:16 UTC] PHP Deprecated:  Function get_magic_quotes_gpc() is deprecated in /Users/sachin/wardtwenty_four/wp-includes/formatting.php on line 4387
[25-Aug-2026 17:20:16 UTC] PHP Deprecated:  Function get_magic_quotes_gpc() is deprecated in /Users/sachin/wardtwenty_four/wp-includes/formatting.php on line 4387
[25-Aug-2026 17:20:16 UTC] PHP Deprecated:  Function get_magic_quotes_gpc() is deprecated in /Users/sachin/wardtwenty_four/wp-includes/formatting.php on line 4387
[25-Aug-2026 17:20:16 UTC] PHP Deprecated:  Function get_magic_quotes_gpc() is deprecated in /Users/sachin/wardtwenty_four/wp-includes/formatting.php on line 4387
[25-Aug-2026 17:20:16 UTC] PHP Deprecated:  Function get_magic_quotes_gpc() is deprecated in /Users/sachin/wardtwenty_four/wp-includes/formatting.php on line 4387
[25-Aug-2026 17:20:16 UTC] PHP Deprecated:  Function get_magic_quotes_gpc() is deprecated in /Users/sachin/wardtwenty_four/wp-includes/formatting.php on line 4387
[25-Aug-2026 17:20:16 UTC] PHP Deprecated:  Function get_magic_quotes_gpc() is deprecated in /Users/sachin/wardtwenty_four/wp-includes/formatting.php on line 4387
[25-Aug-2026 17:20:16 UTC] PHP Deprecated:  Function get_magic_quotes_gpc() is deprecated in /Users/sachin/wardtwenty_four/wp-includes/formatting.php on line 4387
[25-Aug-2026 17:20:16 UTC] PHP Deprecated:  Function get_magic_quotes_gpc() is deprecated in /Users/sachin/wardtwenty_four/wp-includes/formatting.php on line 4387
[25-Aug-2026 17:20:16 UTC] PHP Deprecated:  Function get_magic_quotes_gpc() is deprecated in /Users/sachin/wardtwenty_four/wp-includes/formatting.php on line 4387
[25-Aug-2026 17:20:16 UTC] PHP Deprecated:  Function get_magic_quotes_gpc() is deprecated in /Users/sachin/wardtwenty_four/wp-includes/formatting.php on line 4387
[25-Aug-2026 17:20:16 UTC] PHP Deprecated:  Function get_magic_quotes_gpc() is deprecated in /Users/sachin/wardtwenty_four/wp-includes/formatting.php on line 4387
[25-Aug-2026 17:20:16 UTC] PHP Deprecated:  Function get_magic_quotes_gpc() is deprecated in /Users/sachin/wardtwenty_four/wp-includes/formatting.php on line 4387
[25-Aug-2026 17:20:16 UTC] PHP Deprecated:  Function get_magic_quotes_gpc() is deprecated in /Users/sachin/wardtwenty_four/wp-includes/formatting.php on line 4387
[25-Aug-2026 17:20:16 UTC] PHP Deprecated:  Function get_magic_quotes_gpc() is deprecated in /Users/sachin/wardtwenty_four/wp-includes/formatting.php on line 4387
[25-Aug-2026 17:20:16 UTC] PHP Deprecated:  Function get_magic_quotes_gpc() is deprecated in /Users/sachin/wardtwenty_four/wp-includes/formatting.php on line 4387
[25-Aug-2026 17:20:16 UTC] PHP Deprecated:  Function get_magic_quotes_gpc() is deprecated in /Users/sachin/wardtwenty_four/wp-includes/formatting.php on line 4387
[25-Aug-2026 17:20:16 UTC] PHP Deprecated:  Function get_magic_quotes_gpc() is deprecated in /Users/sachin/wardtwenty_four/wp-includes/formatting.php on line 4387
[25-Aug-2026 17:20:16 UTC] PHP Deprecated:  Function get_magic_quotes_gpc() is deprecated in /Users/sachin/wardtwenty_four/wp-includes/formatting.php on line 4387
[25-Aug-2026 17:20:16 UTC] PHP Deprecated:  Function get_magic_quotes_gpc() is deprecated in /Users/sachin/wardtwenty_four/wp-includes/formatting.php on line 4387
[25-Aug-2026 17:20:16 UTC] PHP Deprecated:  Function get_magic_quotes_gpc() is deprecated in /Users/sachin/wardtwenty_four/wp-includes/formatting.php on line 4387
[25-Aug-2026 17:20:16 UTC] PHP Deprecated:  Function get_magic_quotes_gpc() is deprecated in /Users/sachin/wardtwenty_four/wp-includes/formatting.php on line 4387
[25-Aug-2026 17:20:16 UTC] PHP Deprecated:  Function get_magic_quotes_gpc() is deprecated in /Users/sachin/wardtwenty_four/wp-includes/formatting.php on line 4387
[25-Aug-2026 17:20:16 UTC] PHP Deprecated:  Function get_magic_quotes_gpc() is deprecated in /Users/sachin/wardtwenty_four/wp-includes/formatting.php on line 4387
[25-Aug-2026 17:20:16 UTC] PHP Deprecated:  Function get_magic_quotes_gpc() is deprecated in /Users/sachin/wardtwenty_four/wp-includes/formatting.php on line 4387
[25-Aug-2026 17:20:16 UTC] PHP Deprecated:  Function get_magic_quotes_gpc() is deprecated in /Users/sachin/wardtwenty_four/wp-includes/formatting.php on line 4387
[25-Aug-2026 17:20:16 UTC] PHP Deprecated:  Function get_magic_quotes_gpc() is deprecated in /Users/sachin/wardtwenty_four/wp-includes/formatting.php on line 4387
[25-Aug-2026 17:20:16 UTC] PHP Deprecated:  Function get_magic_quotes_gpc() is deprecated in /Users/sachin/wardtwenty_four/wp-includes/formatting.php on line 4387
[25-Aug-2026 17:20:16 UTC] PHP Deprecated:  Function get_magic_quotes_gpc() is deprecated in /Users/sachin/wardtwenty_four/wp-includes/formatting.php on line 4387
[25-Aug-2026 17:20:16 UTC] PHP Deprecated:  Function get_magic_quotes_gpc() is deprecated in /Users/sachin/wardtwenty_four/wp-includes/formatting.php on line 4387
[25-Aug-2026 17:20:16 UTC] PHP Deprecated:  Function get_magic_quotes_gpc() is deprecated in /Users/sachin/wardtwenty_four/wp-includes/formatting.php on line 4387
[25-Aug-2026 17:20:16 UTC] PHP Deprecated:  Function get_magic_quotes_gpc() is deprecated in /Users/sachin/wardtwenty_four/wp-includes/formatting.php on line 4387
[25-Aug-2026 17:20:16 UTC] PHP Deprecated:  Function get_magic_quotes_gpc() is deprecated in /Users/sachin/wardtwenty_four/wp-includes/formatting.php on line 4387
[25-Aug-2026 17:20:16 UTC] PHP Deprecated:  Function get_magic_quotes_gpc() is deprecated in /Users/sachin/wardtwenty_four/wp-includes/formatting.php on line 4387
[25-Aug-2026 17:20:16 UTC] PHP Deprecated:  Function get_magic_quotes_gpc() is deprecated in /Users/sachin/wardtwenty_four/wp-includes/formatting.php on line 4387
[25-Aug-2026 17:20:16 UTC] PHP Deprecated:  Function get_magic_quotes_gpc() is deprecated in /Users/sachin/wardtwenty_four/wp-includes/formatting.php on line 4387
[25-Aug-2026 17:20:16 UTC] PHP Deprecated:  Function get_magic_quotes_gpc() is deprecated in /Users/sachin/wardtwenty_four/wp-includes/formatting.php on line 4387
[25-Aug-2026 17:20:16 UTC] PHP Deprecated:  Function get_magic_quotes_gpc() is deprecated in /Users/sachin/wardtwenty_four/wp-includes/formatting.php on line 4387
[25-Aug-2026 17:20:16 UTC] PHP Deprecated:  Function get_magic_quotes_gpc() is deprecated in /Users/sachin/wardtwenty_four/wp-includes/formatting.php on line 4387
[25-Aug-2026 17:20:16 UTC] PHP Deprecated:  Function get_magic_quotes_gpc() is deprecated in /Users/sachin/wardtwenty_four/wp-includes/formatting.php on line 4387
[25-Aug-2026 17:20:16 UTC] PHP Deprecated:  Function get_magic_quotes_gpc() is deprecated in /Users/sachin/wardtwenty_four/wp-includes/formatting.php on line 4387
[25-Aug-2026 17:20:16 UTC] PHP Deprecated:  Function get_magic_quotes_gpc() is deprecated in /Users/sachin/wardtwenty_four/wp-includes/formatting.php on line 4387
[25-Aug-2026 17:20:16 UTC] PHP Deprecated:  Function get_magic_quotes_gpc() is deprecated in /Users/sachin/wardtwenty_four/wp-includes/formatting.php on line 4387
[25-Aug-2026 17:20:16 UTC] PHP Deprecated:  Function get_magic_quotes_gpc() is deprecated in /Users/sachin/wardtwenty_four/wp-includes/formatting.php on line 4387
[25-Aug-2026 17:20:16 UTC] PHP Deprecated:  Function get_magic_quotes_gpc() is deprecated in /Users/sachin/wardtwenty_four/wp-includes/formatting.php on line 4387
[25-Aug-2026 17:20:16 UTC] PHP Deprecated:  Function get_magic_quotes_gpc() is deprecated in /Users/sachin/wardtwenty_four/wp-includes/formatting.php on line 4387
[25-Aug-2026 17:20:16 UTC] PHP Deprecated:  Function get_magic_quotes_gpc() is deprecated in /Users/sachin/wardtwenty_four/wp-includes/formatting.php on line 4387
[25-Aug-2026 17:20:16 UTC] PHP Deprecated:  Function get_magic_quotes_gpc() is deprecated in /Users/sachin/wardtwenty_four/wp-includes/formatting.php on line 4387
[25-Aug-2026 17:20:16 UTC] PHP Deprecated:  Function get_magic_quotes_gpc() is deprecated in /Users/sachin/wardtwenty_four/wp-includes/formatting.php on line 4387
[25-Aug-2026 17:20:16 UTC] PHP Deprecated:  Function get_magic_quotes_gpc() is deprecated in /Users/sachin/wardtwenty_four/wp-includes/formatting.php on line 4387
[25-Aug-2026 17:20:16 UTC] PHP Deprecated:  Function get_magic_quotes_gpc() is deprecated in /Users/sachin/wardtwenty_four/wp-includes/formatting.php on line 4387
[25-Aug-2026 17:20:16 UTC] PHP Deprecated:  Function get_magic_quotes_gpc() is deprecated in /Users/sachin/wardtwenty_four/wp-includes/formatting.php on line 4387
[25-Aug-2026 17:20:16 UTC] PHP Deprecated:  Function get_magic_quotes_gpc() is deprecated in /Users/sachin/wardtwenty_four/wp-includes/formatting.php on line 4387
[25-Aug-2026 17:20:16 UTC] PHP Deprecated:  Function get_magic_quotes_gpc() is deprecated in /Users/sachin/wardtwenty_four/wp-includes/formatting.php on line 4387
[25-Aug-2026 17:20:16 UTC] PHP Deprecated:  Function get_magic_quotes_gpc() is deprecated in /Users/sachin/wardtwenty_four/wp-includes/formatting.php on line 4387
[25-Aug-2026 17:20:16 UTC] PHP Deprecated:  Function get_magic_quotes_gpc() is deprecated in /Users/sachin/wardtwenty_four/wp-includes/formatting.php on line 4387
[25-Aug-2026 17:20:16 UTC] PHP Deprecated:  Function get_magic_quotes_gpc() is deprecated in /Users/sachin/wardtwenty_four/wp-includes/formatting.php on line 4387
[25-Aug-2026 17:20:16 UTC] PHP Deprecated:  Function get_magic_quotes_gpc() is deprecated in /Users/sachin/wardtwenty_four/wp-includes/formatting.php on line 4387
[25-Aug-2026 17:20:16 UTC] PHP Deprecated:  Function get_magic_quotes_gpc() is deprecated in /Users/sachin/wardtwenty_four/wp-includes/formatting.php on line 4387
[25-Aug-2026 17:20:16 UTC] PHP Deprecated:  Function get_magic_quotes_gpc() is deprecated in /Users/sachin/wardtwenty_four/wp-includes/formatting.php on line 4387
[25-Aug-2026 17:20:16 UTC] PHP Deprecated:  Function get_magic_quotes_gpc() is deprecated in /Users/sachin/wardtwenty_four/wp-includes/formatting.php on line 4387
[25-Aug-2026 17:20:16 UTC] PHP Deprecated:  Function get_magic_quotes_gpc() is deprecated in /Users/sachin/wardtwenty_four/wp-includes/formatting.php on line 4387
[25-Aug-2026 17:20:16 UTC] PHP Deprecated:  Function get_magic_quotes_gpc() is deprecated in /Users/sachin/wardtwenty_four/wp-includes/formatting.php on line 4387
[25-Aug-2026 17:20:16 UTC] PHP Deprecated:  Function get_magic_quotes_gpc() is deprecated in /Users/sachin/wardtwenty_four/wp-includes/formatting.php on line 4387
[25-Aug-2026 17:20:16 UTC] PHP Deprecated:  Function get_magic_quotes_gpc() is deprecated in /Users/sachin/wardtwenty_four/wp-includes/formatting.php on line 4387
[25-Aug-2026 17:20:16 UTC] PHP Deprecated:  Function get_magic_quotes_gpc() is deprecated in /Users/sachin/wardtwenty_four/wp-includes/load.php on line 651
[25-Aug-2026 17:20:16 UTC] PHP Notice:  Trying to access array offset on value of type bool in /Users/sachin/wardtwenty_four/wp-includes/theme.php on line 2241
[25-Aug-2026 17:20:16 UTC] PHP Deprecated:  Function get_magic_quotes_gpc() is deprecated in /Users/sachin/wardtwenty_four/wp-includes/formatting.php on line 4387
[25-Aug-2026 17:20:16 UTC] PHP Deprecated:  Function get_magic_quotes_gpc() is deprecated in /Users/sachin/wardtwenty_four/wp-includes/formatting.php on line 4387
[25-Aug-2026 17:20:17 UTC] PHP Deprecated:  Function get_magic_quotes_gpc() is deprecated in /Users/sachin/wardtwenty_four/wp-includes/load.php on line 651
[25-Aug-2026 17:20:17 UTC] PHP Notice:  Trying to access array offset on value of type bool in /Users/sachin/wardtwenty_four/wp-includes/theme.php on line 2241
[25-Aug-2026 17:20:17 UTC] PHP Deprecated:  Function get_magic_quotes_gpc() is deprecated in /Users/sachin/wardtwenty_four/wp-includes/formatting.php on line 4387
[25-Aug-2026 17:20:17 UTC] PHP Deprecated:  Function get_magic_quotes_gpc() is deprecated in /Users/sachin/wardtwenty_four/wp-includes/formatting.php on line 4387
[25-Aug-2026 17:20:17 UTC] PHP Deprecated:  Function get_magic_quotes_gpc() is deprecated in /Users/sachin/wardtwenty_four/wp-includes/formatting.php on line 4387
[25-Aug-2026 17:20:17 UTC] PHP Deprecated:  Function get_magic_quotes_gpc() is deprecated in /Users/sachin/wardtwenty_four/wp-includes/formatting.php on line 4387
[25-Aug-2026 17:20:17 UTC] PHP Deprecated:  Function get_magic_quotes_gpc() is deprecated in /Users/sachin/wardtwenty_four/wp-includes/formatting.php on line 4387
[25-Aug-2026 17:20:17 UTC] PHP Deprecated:  Function get_magic_quotes_gpc() is deprecated in /Users/sachin/wardtwenty_four/wp-includes/formatting.php on line 4387
[25-Aug-2026 17:20:17 UTC] PHP Deprecated:  Function get_magic_quotes_gpc() is deprecated in /Users/sachin/wardtwenty_four/wp-includes/formatting.php on line 4387
[25-Aug-2026 17:20:17 UTC] PHP Deprecated:  Function get_magic_quotes_gpc() is deprecated in /Users/sachin/wardtwenty_four/wp-includes/formatting.php on line 4387
[25-Aug-2026 17:20:17 UTC] PHP Deprecated:  Function get_magic_quotes_gpc() is deprecated in /Users/sachin/wardtwenty_four/wp-includes/formatting.php on line 4387
[25-Aug-2026 17:20:17 UTC] PHP Deprecated:  Function get_magic_quotes_gpc() is deprecated in /Users/sachin/wardtwenty_four/wp-includes/formatting.php on line 4387
[25-Aug-2026 17:20:17 UTC] PHP Deprecated:  Function get_magic_quotes_gpc() is deprecated in /Users/sachin/wardtwenty_four/wp-includes/formatting.php on line 4387
[25-Aug-2026 17:20:17 UTC] PHP Deprecated:  Function get_magic_quotes_gpc() is deprecated in /Users/sachin/wardtwenty_four/wp-includes/formatting.php on line 4387
[25-Aug-2026 17:20:17 UTC] PHP Deprecated:  Function get_magic_quotes_gpc() is deprecated in /Users/sachin/wardtwenty_four/wp-includes/formatting.php on line 4387
[25-Aug-2026 17:20:17 UTC] PHP Deprecated:  Function get_magic_quotes_gpc() is deprecated in /Users/sachin/wardtwenty_four/wp-includes/formatting.php on line 4387
[25-Aug-2026 17:20:17 UTC] PHP Deprecated:  Function get_magic_quotes_gpc() is deprecated in /Users/sachin/wardtwenty_four/wp-includes/formatting.php on line 4387
[25-Aug-2026 17:20:17 UTC] PHP Deprecated:  Function get_magic_quotes_gpc() is deprecated in /Users/sachin/wardtwenty_four/wp-includes/formatting.php on line 4387
[25-Aug-2026 17:20:17 UTC] PHP Deprecated:  Function get_magic_quotes_gpc() is deprecated in /Users/sachin/wardtwenty_four/wp-includes/formatting.php on line 4387
[25-Aug-2026 17:20:17 UTC] PHP Deprecated:  Function get_magic_quotes_gpc() is deprecated in /Users/sachin/wardtwenty_four/wp-includes/formatting.php on line 4387
[25-Aug-2026 17:20:17 UTC] PHP Deprecated:  Function get_magic_quotes_gpc() is deprecated in /Users/sachin/wardtwenty_four/wp-includes/formatting.php on line 4387
[25-Aug-2026 17:20:17 UTC] PHP Deprecated:  Function get_magic_quotes_gpc() is deprecated in /Users/sachin/wardtwenty_four/wp-includes/formatting.php on line 4387
[25-Aug-2026 17:20:17 UTC] PHP Deprecated:  Function get_magic_quotes_gpc() is deprecated in /Users/sachin/wardtwenty_four/wp-includes/formatting.php on line 4387
[25-Aug-2026 17:20:17 UTC] PHP Deprecated:  Function get_magic_quotes_gpc() is deprecated in /Users/sachin/wardtwenty_four/wp-includes/formatting.php on line 4387
[25-Aug-2026 17:20:17 UTC] PHP Deprecated:  Function get_magic_quotes_gpc() is deprecated in /Users/sachin/wardtwenty_four/wp-includes/formatting.php on line 4387
[25-Aug-2026 17:20:17 UTC] PHP Deprecated:  Function get_magic_quotes_gpc() is deprecated in /Users/sachin/wardtwenty_four/wp-includes/formatting.php on line 4387
[25-Aug-2026 17:20:17 UTC] PHP Deprecated:  Function get_magic_quotes_gpc() is deprecated in /Users/sachin/wardtwenty_four/wp-includes/formatting.php on line 4387
[25-Aug-2026 17:20:17 UTC] PHP Deprecated:  Function get_magic_quotes_gpc() is deprecated in /Users/sachin/wardtwenty_four/wp-includes/formatting.php on line 4387
[25-Aug-2026 17:20:17 UTC] PHP Deprecated:  Function get_magic_quotes_gpc() is deprecated in /Users/sachin/wardtwenty_four/wp-includes/formatting.php on line 4387
[25-Aug-2026 17:20:17 UTC] PHP Deprecated:  Function get_magic_quotes_gpc() is deprecated in /Users/sachin/wardtwenty_four/wp-includes/formatting.php on line 4387
[25-Aug-2026 17:20:17 UTC] PHP Deprecated:  Function get_magic_quotes_gpc() is deprecated in /Users/sachin/wardtwenty_four/wp-includes/formatting.php on line 4387
[25-Aug-2026 17:20:17 UTC] PHP Deprecated:  Function get_magic_quotes_gpc() is deprecated in /Users/sachin/wardtwenty_four/wp-includes/formatting.php on line 4387
[25-Aug-2026 17:20:17 UTC] PHP Deprecated:  Function get_magic_quotes_gpc() is deprecated in /Users/sachin/wardtwenty_four/wp-includes/formatting.php on line 4387
[25-Aug-2026 17:20:17 UTC] PHP Notice:  compact(): Undefined variable: post_status in /Users/sachin/wardtwenty_four/wp-admin/includes/post.php on line 1080
[25-Aug-2026 17:20:17 UTC] PHP Notice:  compact(): Undefined variable: perm in /Users/sachin/wardtwenty_four/wp-admin/includes/post.php on line 1080
[25-Aug-2026 17:20:17 UTC] PHP Notice:  compact(): Undefined variable: order in /Users/sachin/wardtwenty_four/wp-admin/includes/post.php on line 1080
[25-Aug-2026 17:20:17 UTC] PHP Notice:  compact(): Undefined variable: orderby in /Users/sachin/wardtwenty_four/wp-admin/includes/post.php on line 1080
[25-Aug-2026 17:20:17 UTC] PHP Deprecated:  Function get_magic_quotes_gpc() is deprecated in /Users/sachin/wardtwenty_four/wp-includes/formatting.php on line 4387
[25-Aug-2026 17:20:17 UTC] PHP Deprecated:  Function get_magic_quotes_gpc() is deprecated in /Users/sachin/wardtwenty_four/wp-includes/formatting.php on line 4387
[25-Aug-2026 17:20:17 UTC] PHP Deprecated:  Function get_magic_quotes_gpc() is deprecated in /Users/sachin/wardtwenty_four/wp-includes/formatting.php on line 4387
[25-Aug-2026 17:20:17 UTC] PHP Deprecated:  Function get_magic_quotes_gpc() is deprecated in /Users/sachin/wardtwenty_four/wp-includes/formatting.php on line 4387
[25-Aug-2026 17:20:17 UTC] PHP Deprecated:  Function get_magic_quotes_gpc() is deprecated in /Users/sachin/wardtwenty_four/wp-includes/formatting.php on line 4387
[25-Aug-2026 17:20:17 UTC] PHP Deprecated:  Function get_magic_quotes_gpc() is deprecated in /Users/sachin/wardtwenty_four/wp-includes/formatting.php on line 4387
[25-Aug-2026 17:20:17 UTC] PHP Deprecated:  Function get_magic_quotes_gpc() is deprecated in /Users/sachin/wardtwenty_four/wp-includes/formatting.php on line 4387
[25-Aug-2026 17:20:17 UTC] PHP Deprecated:  Function get_magic_quotes_gpc() is deprecated in /Users/sachin/wardtwenty_four/wp-includes/formatting.php on line 4387
[25-Aug-2026 17:20:17 UTC] PHP Deprecated:  Function get_magic_quotes_gpc() is deprecated in /Users/sachin/wardtwenty_four/wp-includes/formatting.php on line 4387
[25-Aug-2026 17:20:17 UTC] PHP Deprecated:  Function get_magic_quotes_gpc() is deprecated in /Users/sachin/wardtwenty_four/wp-includes/formatting.php on line 4387
[25-Aug-2026 17:20:17 UTC] PHP Deprecated:  Function get_magic_quotes_gpc() is deprecated in /Users/sachin/wardtwenty_four/wp-includes/formatting.php on line 4387
[25-Aug-2026 17:20:17 UTC] PHP Deprecated:  Function get_magic_quotes_gpc() is deprecated in /Users/sachin/wardtwenty_four/wp-includes/formatting.php on line 4387
[25-Aug-2026 17:20:17 UTC] PHP Deprecated:  Function get_magic_quotes_gpc() is deprecated in /Users/sachin/wardtwenty_four/wp-includes/formatting.php on line 4387
[25-Aug-2026 17:20:17 UTC] PHP Deprecated:  Function get_magic_quotes_gpc() is deprecated in /Users/sachin/wardtwenty_four/wp-includes/formatting.php on line 4387
[25-Aug-2026 17:20:17 UTC] PHP Deprecated:  Function get_magic_quotes_gpc() is deprecated in /Users/sachin/wardtwenty_four/wp-includes/formatting.php on line 4387
[25-Aug-2026 17:20:17 UTC] PHP Deprecated:  Function get_magic_quotes_gpc() is deprecated in /Users/sachin/wardtwenty_four/wp-includes/formatting.php on line 4387
[25-Aug-2026 17:20:17 UTC] PHP Deprecated:  Function get_magic_quotes_gpc() is deprecated in /Users/sachin/wardtwenty_four/wp-includes/formatting.php on line 4387
[25-Aug-2026 17:20:17 UTC] PHP Deprecated:  Function get_magic_quotes_gpc() is deprecated in /Users/sachin/wardtwenty_four/wp-includes/formatting.php on line 4387
[25-Aug-2026 17:20:17 UTC] PHP Deprecated:  Function get_magic_quotes_gpc() is deprecated in /Users/sachin/wardtwenty_four/wp-includes/formatting.php on line 4387
[25-Aug-2026 17:20:17 UTC] PHP Deprecated:  Function get_magic_quotes_gpc() is deprecated in /Users/sachin/wardtwenty_four/wp-includes/formatting.php on line 4387
[25-Aug-2026 17:20:17 UTC] PHP Deprecated:  Function get_magic_quotes_gpc() is deprecated in /Users/sachin/wardtwenty_four/wp-includes/formatting.php on line 4387
[25-Aug-2026 17:20:17 UTC] PHP Deprecated:  Function get_magic_quotes_gpc() is deprecated in /Users/sachin/wardtwenty_four/wp-includes/formatting.php on line 4387
[25-Aug-2026 17:20:17 UTC] PHP Deprecated:  Function get_magic_quotes_gpc() is deprecated in /Users/sachin/wardtwenty_four/wp-includes/formatting.php on line 4387
[25-Aug-2026 17:20:17 UTC] PHP Deprecated:  Function get_magic_quotes_gpc() is deprecated in /Users/sachin/wardtwenty_four/wp-includes/formatting.php on line 4387
[25-Aug-2026 17:20:17 UTC] PHP Deprecated:  Function get_magic_quotes_gpc() is deprecated in /Users/sachin/wardtwenty_four/wp-includes/formatting.php on line 4387
[25-Aug-2026 17:20:17 UTC] PHP Deprecated:  Function get_magic_quotes_gpc() is deprecated in /Users/sachin/wardtwenty_four/wp-includes/formatting.php on line 4387
[25-Aug-2026 17:20:17 UTC] PHP Deprecated:  Function get_magic_quotes_gpc() is deprecated in /Users/sachin/wardtwenty_four/wp-includes/formatting.php on line 4387
[25-Aug-2026 17:20:17 UTC] PHP Deprecated:  Function get_magic_quotes_gpc() is deprecated in /Users/sachin/wardtwenty_four/wp-includes/formatting.php on line 4387
[25-Aug-2026 17:20:17 UTC] PHP Deprecated:  Function get_magic_quotes_gpc() is deprecated in /Users/sachin/wardtwenty_four/wp-includes/formatting.php on line 4387
[25-Aug-2026 17:20:17 UTC] PHP Deprecated:  Function get_magic_quotes_gpc() is deprecated in /Users/sachin/wardtwenty_four/wp-includes/formatting.php on line 4387
[25-Aug-2026 17:20:17 UTC] PHP Deprecated:  Function get_magic_quotes_gpc() is deprecated in /Users/sachin/wardtwenty_four/wp-includes/formatting.php on line 4387
[25-Aug-2026 17:20:17 UTC] PHP Deprecated:  Function get_magic_quotes_gpc() is deprecated in /Users/sachin/wardtwenty_four/wp-includes/formatting.php on line 4387
[25-Aug-2026 17:20:17 UTC] PHP Deprecated:  Function get_magic_quotes_gpc() is deprecated in /Users/sachin/wardtwenty_four/wp-includes/formatting.php on line 4387
[25-Aug-2026 17:20:17 UTC] PHP Deprecated:  Function get_magic_quotes_gpc() is deprecated in /Users/sachin/wardtwenty_four/wp-includes/formatting.php on line 4387
[25-Aug-2026 17:20:17 UTC] PHP Deprecated:  Function get_magic_quotes_gpc() is deprecated in /Users/sachin/wardtwenty_four/wp-includes/formatting.php on line 4387
[25-Aug-2026 17:20:17 UTC] PHP Deprecated:  Function get_magic_quotes_gpc() is deprecated in /Users/sachin/wardtwenty_four/wp-includes/formatting.php on line 4387
[25-Aug-2026 17:20:17 UTC] PHP Deprecated:  Function get_magic_quotes_gpc() is deprecated in /Users/sachin/wardtwenty_four/wp-includes/formatting.php on line 4387
[25-Aug-2026 17:20:17 UTC] PHP Deprecated:  Function get_magic_quotes_gpc() is deprecated in /Users/sachin/wardtwenty_four/wp-includes/formatting.php on line 4387
[25-Aug-2026 17:20:17 UTC] PHP Deprecated:  Function get_magic_quotes_gpc() is deprecated in /Users/sachin/wardtwenty_four/wp-includes/formatting.php on line 4387
[25-Aug-2026 17:20:17 UTC] PHP Deprecated:  Function get_magic_quotes_gpc() is deprecated in /Users/sachin/wardtwenty_four/wp-includes/formatting.php on line 4387
[25-Aug-2026 17:20:17 UTC] PHP Deprecated:  Function get_magic_quotes_gpc() is deprecated in /Users/sachin/wardtwenty_four/wp-includes/formatting.php on line 4387
[25-Aug-2026 17:20:17 UTC] PHP Deprecated:  Function get_magic_quotes_gpc() is deprecated in /Users/sachin/wardtwenty_four/wp-includes/formatting.php on line 4387
[25-Aug-2026 17:20:17 UTC] PHP Deprecated:  Function get_magic_quotes_gpc() is deprecated in /Users/sachin/wardtwenty_four/wp-includes/formatting.php on line 4387
[25-Aug-2026 17:20:17 UTC] PHP Notice:  Trying to access array offset on value of type bool in /Users/sachin/wardtwenty_four/wp-admin/includes/update.php on line 608
[25-Aug-2026 17:20:17 UTC] PHP Deprecated:  Function get_magic_quotes_gpc() is deprecated in /Users/sachin/wardtwenty_four/wp-includes/formatting.php on line 4387
[25-Aug-2026 17:20:17 UTC] PHP Deprecated:  Function get_magic_quotes_gpc() is deprecated in /Users/sachin/wardtwenty_four/wp-includes/formatting.php on line 4387
[25-Aug-2026 17:20:17 UTC] PHP Deprecated:  Function get_magic_quotes_gpc() is deprecated in /Users/sachin/wardtwenty_four/wp-includes/formatting.php on line 4387
[25-Aug-2026 17:20:17 UTC] PHP Deprecated:  Function get_magic_quotes_gpc() is deprecated in /Users/sachin/wardtwenty_four/wp-includes/formatting.php on line 4387
[25-Aug-2026 17:20:17 UTC] PHP Deprecated:  Function get_magic_quotes_gpc() is deprecated in /Users/sachin/wardtwenty_four/wp-includes/formatting.php on line 4387
[25-Aug-2026 17:20:17 UTC] PHP Deprecated:  Function get_magic_quotes_gpc() is deprecated in /Users/sachin/wardtwenty_four/wp-includes/formatting.php on line 4387
[25-Aug-2026 17:20:17 UTC] PHP Deprecated:  Function get_magic_quotes_gpc() is deprecated in /Users/sachin/wardtwenty_four/wp-includes/formatting.php on line 4387
[25-Aug-2026 17:20:17 UTC] PHP Deprecated:  Function get_magic_quotes_gpc() is deprecated in /Users/sachin/wardtwenty_four/wp-includes/formatting.php on line 4387
[25-Aug-2026 17:20:17 UTC] PHP Deprecated:  Function get_magic_quotes_gpc() is deprecated in /Users/sachin/wardtwenty_four/wp-includes/formatting.php on line 4387
[25-Aug-2026 17:20:17 UTC] PHP Deprecated:  Function get_magic_quotes_gpc() is deprecated in /Users/sachin/wardtwenty_four/wp-includes/formatting.php on line 4387
[25-Aug-2026 17:20:17 UTC] PHP Deprecated:  Function get_magic_quotes_gpc() is deprecated in /Users/sachin/wardtwenty_four/wp-includes/formatting.php on line 4387
[25-Aug-2026 17:20:17 UTC] PHP Deprecated:  Function get_magic_quotes_gpc() is deprecated in /Users/sachin/wardtwenty_four/wp-includes/formatting.php on line 4387
[25-Aug-2026 17:20:17 UTC] PHP Deprecated:  Function get_magic_quotes_gpc() is deprecated in /Users/sachin/wardtwenty_four/wp-includes/formatting.php on line 4387
[25-Aug-2026 17:20:17 UTC] PHP Deprecated:  Function get_magic_quotes_gpc() is deprecated in /Users/sachin/wardtwenty_four/wp-includes/formatting.php on line 4387
[25-Aug-2026 17:20:17 UTC] PHP Deprecated:  Function get_magic_quotes_gpc() is deprecated in /Users/sachin/wardtwenty_four/wp-includes/formatting.php on line 4387
[25-Aug-2026 17:20:17 UTC] PHP Deprecated:  Function get_magic_quotes_gpc() is deprecated in /Users/sachin/wardtwenty_four/wp-includes/formatting.php on line 4387
[25-Aug-2026 17:20:17 UTC] PHP Deprecated:  Function get_magic_quotes_gpc() is deprecated in /Users/sachin/wardtwenty_four/wp-includes/formatting.php on line 4387
[25-Aug-2026 17:20:17 UTC] PHP Deprecated:  Function get_magic_quotes_gpc() is deprecated in /Users/sachin/wardtwenty_four/wp-includes/formatting.php on line 4387
[25-Aug-2026 17:20:17 UTC] PHP Deprecated:  Function get_magic_quotes_gpc() is deprecated in /Users/sachin/wardtwenty_four/wp-includes/formatting.php on line 4387
[25-Aug-2026 17:20:17 UTC] PHP Deprecated:  Function get_magic_quotes_gpc() is deprecated in /Users/sachin/wardtwenty_four/wp-includes/formatting.php on line 4387
[25-Aug-2026 17:20:17 UTC] PHP Deprecated:  Function get_magic_quotes_gpc() is deprecated in /Users/sachin/wardtwenty_four/wp-includes/formatting.php on line 4387
[25-Aug-2026 17:20:17 UTC] PHP Deprecated:  Function get_magic_quotes_gpc() is deprecated in /Users/sachin/wardtwenty_four/wp-includes/formatting.php on line 4387
[25-Aug-2026 17:20:17 UTC] PHP Deprecated:  Function get_magic_quotes_gpc() is deprecated in /Users/sachin/wardtwenty_four/wp-includes/formatting.php on line 4387
[25-Aug-2026 17:20:17 UTC] PHP Deprecated:  Function get_magic_quotes_gpc() is deprecated in /Users/sachin/wardtwenty_four/wp-includes/formatting.php on line 4387
[25-Aug-2026 17:20:17 UTC] PHP Deprecated:  Function get_magic_quotes_gpc() is deprecated in /Users/sachin/wardtwenty_four/wp-includes/formatting.php on line 4387
[25-Aug-2026 17:20:17 UTC] PHP Deprecated:  Function get_magic_quotes_gpc() is deprecated in /Users/sachin/wardtwenty_four/wp-includes/formatting.php on line 4387
[25-Aug-2026 17:20:17 UTC] PHP Deprecated:  Function get_magic_quotes_gpc() is deprecated in /Users/sachin/wardtwenty_four/wp-includes/formatting.php on line 4387
[25-Aug-2026 17:20:17 UTC] PHP Deprecated:  Function get_magic_quotes_gpc() is deprecated in /Users/sachin/wardtwenty_four/wp-includes/formatting.php on line 4387
[25-Aug-2026 17:20:17 UTC] PHP Deprecated:  Function get_magic_quotes_gpc() is deprecated in /Users/sachin/wardtwenty_four/wp-includes/formatting.php on line 4387
[25-Aug-2026 17:20:17 UTC] PHP Deprecated:  Function get_magic_quotes_gpc() is deprecated in /Users/sachin/wardtwenty_four/wp-includes/formatting.php on line 4387
[25-Aug-2026 17:20:17 UTC] PHP Deprecated:  Function get_magic_quotes_gpc() is deprecated in /Users/sachin/wardtwenty_four/wp-includes/formatting.php on line 4387
[25-Aug-2026 17:20:17 UTC] PHP Deprecated:  Function get_magic_quotes_gpc() is deprecated in /Users/sachin/wardtwenty_four/wp-includes/formatting.php on line 4387
[25-Aug-2026 17:20:17 UTC] PHP Deprecated:  Function get_magic_quotes_gpc() is deprecated in /Users/sachin/wardtwenty_four/wp-includes/formatting.php on line 4387
[25-Aug-2026 17:20:17 UTC] PHP Deprecated:  Function get_magic_quotes_gpc() is deprecated in /Users/sachin/wardtwenty_four/wp-includes/formatting.php on line 4387
[25-Aug-2026 17:20:17 UTC] PHP Deprecated:  Function get_magic_quotes_gpc() is deprecated in /Users/sachin/wardtwenty_four/wp-includes/formatting.php on line 4387
[25-Aug-2026 17:20:17 UTC] PHP Deprecated:  Function get_magic_quotes_gpc() is deprecated in /Users/sachin/wardtwenty_four/wp-includes/formatting.php on line 4387
[25-Aug-2026 17:20:17 UTC] PHP Deprecated:  Function get_magic_quotes_gpc() is deprecated in /Users/sachin/wardtwenty_four/wp-includes/formatting.php on line 4387
[25-Aug-2026 17:20:17 UTC] PHP Deprecated:  Function get_magic_quotes_gpc() is deprecated in /Users/sachin/wardtwenty_four/wp-includes/formatting.php on line 4387
[25-Aug-2026 17:20:17 UTC] PHP Deprecated:  Function get_magic_quotes_gpc() is deprecated in /Users/sachin/wardtwenty_four/wp-includes/formatting.php on line 4387
[25-Aug-2026 17:20:17 UTC] PHP Deprecated:  Function get_magic_quotes_gpc() is deprecated in /Users/sachin/wardtwenty_four/wp-includes/formatting.php on line 4387
[25-Aug-2026 17:20:17 UTC] PHP Deprecated:  Function get_magic_quotes_gpc() is deprecated in /Users/sachin/wardtwenty_four/wp-includes/formatting.php on line 4387
[25-Aug-2026 17:20:17 UTC] PHP Deprecated:  Function get_magic_quotes_gpc() is deprecated in /Users/sachin/wardtwenty_four/wp-includes/formatting.php on line 4387
[25-Aug-2026 17:20:17 UTC] PHP Deprecated:  Function get_magic_quotes_gpc() is deprecated in /Users/sachin/wardtwenty_four/wp-includes/formatting.php on line 4387
[25-Aug-2026 17:20:17 UTC] PHP Deprecated:  Function get_magic_quotes_gpc() is deprecated in /Users/sachin/wardtwenty_four/wp-includes/formatting.php on line 4387
[25-Aug-2026 17:20:17 UTC] PHP Deprecated:  Function get_magic_quotes_gpc() is deprecated in /Users/sachin/wardtwenty_four/wp-includes/formatting.php on line 4387
[25-Aug-2026 17:20:17 UTC] PHP Deprecated:  Function get_magic_quotes_gpc() is deprecated in /Users/sachin/wardtwenty_four/wp-includes/formatting.php on line 4387
[25-Aug-2026 17:20:17 UTC] PHP Deprecated:  Function get_magic_quotes_gpc() is deprecated in /Users/sachin/wardtwenty_four/wp-includes/formatting.php on line 4387
[25-Aug-2026 17:20:17 UTC] PHP Deprecated:  Function get_magic_quotes_gpc() is deprecated in /Users/sachin/wardtwenty_four/wp-includes/formatting.php on line 4387
[25-Aug-2026 17:20:17 UTC] PHP Deprecated:  Function get_magic_quotes_gpc() is deprecated in /Users/sachin/wardtwenty_four/wp-includes/formatting.php on line 4387
[25-Aug-2026 17:20:17 UTC] PHP Deprecated:  Function get_magic_quotes_gpc() is deprecated in /Users/sachin/wardtwenty_four/wp-includes/formatting.php on line 4387
[25-Aug-2026 17:20:17 UTC] PHP Deprecated:  Function get_magic_quotes_gpc() is deprecated in /Users/sachin/wardtwenty_four/wp-includes/formatting.php on line 4387
[25-Aug-2026 17:20:17 UTC] PHP Deprecated:  Function get_magic_quotes_gpc() is deprecated in /Users/sachin/wardtwenty_four/wp-includes/formatting.php on line 4387
[25-Aug-2026 17:20:17 UTC] PHP Deprecated:  Function get_magic_quotes_gpc() is deprecated in /Users/sachin/wardtwenty_four/wp-includes/formatting.php on line 4387
[25-Aug-2026 17:20:17 UTC] PHP Deprecated:  Function get_magic_quotes_gpc() is deprecated in /Users/sachin/wardtwenty_four/wp-includes/formatting.php on line 4387
[25-Aug-2026 17:20:17 UTC] PHP Deprecated:  Function get_magic_quotes_gpc() is deprecated in /Users/sachin/wardtwenty_four/wp-includes/formatting.php on line 4387
[25-Aug-2026 17:20:17 UTC] PHP Deprecated:  Function get_magic_quotes_gpc() is deprecated in /Users/sachin/wardtwenty_four/wp-includes/formatting.php on line 4387
[25-Aug-2026 17:20:17 UTC] PHP Deprecated:  Function get_magic_quotes_gpc() is deprecated in /Users/sachin/wardtwenty_four/wp-includes/formatting.php on line 4387
[25-Aug-2026 17:20:17 UTC] PHP Deprecated:  Function get_magic_quotes_gpc() is deprecated in /Users/sachin/wardtwenty_four/wp-includes/formatting.php on line 4387
[25-Aug-2026 17:20:17 UTC] PHP Deprecated:  Function get_magic_quotes_gpc() is deprecated in /Users/sachin/wardtwenty_four/wp-includes/formatting.php on line 4387
[25-Aug-2026 17:20:17 UTC] PHP Deprecated:  Function get_magic_quotes_gpc() is deprecated in /Users/sachin/wardtwenty_four/wp-includes/formatting.php on line 4387
[25-Aug-2026 17:20:17 UTC] PHP Deprecated:  Function get_magic_quotes_gpc() is deprecated in /Users/sachin/wardtwenty_four/wp-includes/formatting.php on line 4387
[25-Aug-2026 17:20:17 UTC] PHP Deprecated:  Function get_magic_quotes_gpc() is deprecated in /Users/sachin/wardtwenty_four/wp-includes/formatting.php on line 4387
[25-Aug-2026 17:20:17 UTC] PHP Deprecated:  Function get_magic_quotes_gpc() is deprecated in /Users/sachin/wardtwenty_four/wp-includes/formatting.php on line 4387
[25-Aug-2026 17:20:17 UTC] PHP Deprecated:  Function get_magic_quotes_gpc() is deprecated in /Users/sachin/wardtwenty_four/wp-includes/formatting.php on line 4387
[25-Aug-2026 17:20:17 UTC] PHP Deprecated:  Function get_magic_quotes_gpc() is deprecated in /Users/sachin/wardtwenty_four/wp-includes/formatting.php on line 4387
[25-Aug-2026 17:20:17 UTC] PHP Deprecated:  Function get_magic_quotes_gpc() is deprecated in /Users/sachin/wardtwenty_four/wp-includes/formatting.php on line 4387
[25-Aug-2026 17:20:17 UTC] PHP Deprecated:  Function get_magic_quotes_gpc() is deprecated in /Users/sachin/wardtwenty_four/wp-includes/formatting.php on line 4387
[25-Aug-2026 17:20:17 UTC] PHP Deprecated:  Function get_magic_quotes_gpc() is deprecated in /Users/sachin/wardtwenty_four/wp-includes/formatting.php on line 4387
[25-Aug-2026 17:20:17 UTC] PHP Deprecated:  Function get_magic_quotes_gpc() is deprecated in /Users/sachin/wardtwenty_four/wp-includes/formatting.php on line 4387
[25-Aug-2026 17:20:17 UTC] PHP Deprecated:  Function get_magic_quotes_gpc() is deprecated in /Users/sachin/wardtwenty_four/wp-includes/formatting.php on line 4387
[25-Aug-2026 17:20:17 UTC] PHP Deprecated:  Function get_magic_quotes_gpc() is deprecated in /Users/sachin/wardtwenty_four/wp-includes/formatting.php on line 4387
[25-Aug-2026 17:20:17 UTC] PHP Deprecated:  Function get_magic_quotes_gpc() is deprecated in /Users/sachin/wardtwenty_four/wp-includes/formatting.php on line 4387
[25-Aug-2026 17:20:17 UTC] PHP Deprecated:  Function get_magic_quotes_gpc() is deprecated in /Users/sachin/wardtwenty_four/wp-includes/formatting.php on line 4387
[25-Aug-2026 17:20:17 UTC] PHP Deprecated:  Function get_magic_quotes_gpc() is deprecated in /Users/sachin/wardtwenty_four/wp-includes/formatting.php on line 4387
[25-Aug-2026 17:20:17 UTC] PHP Deprecated:  Function get_magic_quotes_gpc() is deprecated in /Users/sachin/wardtwenty_four/wp-includes/formatting.php on line 4387
[25-Aug-2026 17:20:17 UTC] PHP Deprecated:  Function get_magic_quotes_gpc() is deprecated in /Users/sachin/wardtwenty_four/wp-includes/load.php on line 651
[25-Aug-2026 17:20:17 UTC] PHP Notice:  Trying to access array offset on value of type bool in /Users/sachin/wardtwenty_four/wp-includes/theme.php on line 2241
[25-Aug-2026 17:20:17 UTC] PHP Deprecated:  Function get_magic_quotes_gpc() is deprecated in /Users/sachin/wardtwenty_four/wp-includes/formatting.php on line 4387
[25-Aug-2026 17:20:17 UTC] PHP Deprecated:  Function get_magic_quotes_gpc() is deprecated in /Users/sachin/wardtwenty_four/wp-includes/formatting.php on line 4387
[25-Aug-2026 17:20:24 UTC] PHP Deprecated:  Function get_magic_quotes_gpc() is deprecated in /Users/sachin/wardtwenty_four/wp-includes/load.php on line 651
[25-Aug-2026 17:20:24 UTC] PHP Notice:  Trying to access array offset on value of type bool in /Users/sachin/wardtwenty_four/wp-includes/theme.php on line 2241
[25-Aug-2026 17:20:24 UTC] PHP Deprecated:  Function get_magic_quotes_gpc() is deprecated in /Users/sachin/wardtwenty_four/wp-includes/formatting.php on line 4387
[25-Aug-2026 17:20:24 UTC] PHP Deprecated:  Function get_magic_quotes_gpc() is deprecated in /Users/sachin/wardtwenty_four/wp-includes/formatting.php on line 4387
[25-Aug-2026 17:20:24 UTC] PHP Deprecated:  Function get_magic_quotes_gpc() is deprecated in /Users/sachin/wardtwenty_four/wp-includes/formatting.php on line 4387
[25-Aug-2026 17:20:24 UTC] PHP Deprecated:  Function get_magic_quotes_gpc() is deprecated in /Users/sachin/wardtwenty_four/wp-includes/formatting.php on line 4387
[25-Aug-2026 17:20:24 UTC] PHP Deprecated:  Function get_magic_quotes_gpc() is deprecated in /Users/sachin/wardtwenty_four/wp-includes/formatting.php on line 4387
[25-Aug-2026 17:20:24 UTC] PHP Deprecated:  Function get_magic_quotes_gpc() is deprecated in /Users/sachin/wardtwenty_four/wp-includes/formatting.php on line 4387
[25-Aug-2026 17:20:24 UTC] PHP Deprecated:  Function get_magic_quotes_gpc() is deprecated in /Users/sachin/wardtwenty_four/wp-includes/formatting.php on line 4387
[25-Aug-2026 17:20:24 UTC] PHP Deprecated:  Function get_magic_quotes_gpc() is deprecated in /Users/sachin/wardtwenty_four/wp-includes/formatting.php on line 4387
[25-Aug-2026 17:20:24 UTC] PHP Deprecated:  Function get_magic_quotes_gpc() is deprecated in /Users/sachin/wardtwenty_four/wp-includes/formatting.php on line 4387
[25-Aug-2026 17:20:24 UTC] PHP Deprecated:  Function get_magic_quotes_gpc() is deprecated in /Users/sachin/wardtwenty_four/wp-includes/formatting.php on line 4387
[25-Aug-2026 17:20:24 UTC] PHP Deprecated:  Function get_magic_quotes_gpc() is deprecated in /Users/sachin/wardtwenty_four/wp-includes/formatting.php on line 4387
[25-Aug-2026 17:20:24 UTC] PHP Deprecated:  Function get_magic_quotes_gpc() is deprecated in /Users/sachin/wardtwenty_four/wp-includes/formatting.php on line 4387
[25-Aug-2026 17:20:24 UTC] PHP Deprecated:  Function get_magic_quotes_gpc() is deprecated in /Users/sachin/wardtwenty_four/wp-includes/formatting.php on line 4387
[25-Aug-2026 17:20:24 UTC] PHP Deprecated:  Function get_magic_quotes_gpc() is deprecated in /Users/sachin/wardtwenty_four/wp-includes/formatting.php on line 4387
[25-Aug-2026 17:20:24 UTC] PHP Deprecated:  Function get_magic_quotes_gpc() is deprecated in /Users/sachin/wardtwenty_four/wp-includes/formatting.php on line 4387
[25-Aug-2026 17:20:24 UTC] PHP Deprecated:  Function get_magic_quotes_gpc() is deprecated in /Users/sachin/wardtwenty_four/wp-includes/formatting.php on line 4387
[25-Aug-2026 17:20:24 UTC] PHP Deprecated:  Function get_magic_quotes_gpc() is deprecated in /Users/sachin/wardtwenty_four/wp-includes/formatting.php on line 4387
[25-Aug-2026 17:20:24 UTC] PHP Deprecated:  Function get_magic_quotes_gpc() is deprecated in /Users/sachin/wardtwenty_four/wp-includes/formatting.php on line 4387
[25-Aug-2026 17:20:24 UTC] PHP Deprecated:  Function get_magic_quotes_gpc() is deprecated in /Users/sachin/wardtwenty_four/wp-includes/formatting.php on line 4387
[25-Aug-2026 17:20:24 UTC] PHP Deprecated:  Function get_magic_quotes_gpc() is deprecated in /Users/sachin/wardtwenty_four/wp-includes/formatting.php on line 4387
[25-Aug-2026 17:20:24 UTC] PHP Deprecated:  Function get_magic_quotes_gpc() is deprecated in /Users/sachin/wardtwenty_four/wp-includes/formatting.php on line 4387
[25-Aug-2026 17:20:24 UTC] PHP Deprecated:  Function get_magic_quotes_gpc() is deprecated in /Users/sachin/wardtwenty_four/wp-includes/formatting.php on line 4387
[25-Aug-2026 17:20:24 UTC] PHP Deprecated:  Function get_magic_quotes_gpc() is deprecated in /Users/sachin/wardtwenty_four/wp-includes/formatting.php on line 4387
[25-Aug-2026 17:20:24 UTC] PHP Deprecated:  Function get_magic_quotes_gpc() is deprecated in /Users/sachin/wardtwenty_four/wp-includes/formatting.php on line 4387
[25-Aug-2026 17:20:24 UTC] PHP Deprecated:  Function get_magic_quotes_gpc() is deprecated in /Users/sachin/wardtwenty_four/wp-includes/formatting.php on line 4387
[25-Aug-2026 17:20:24 UTC] PHP Deprecated:  Function get_magic_quotes_gpc() is deprecated in /Users/sachin/wardtwenty_four/wp-includes/formatting.php on line 4387
[25-Aug-2026 17:20:24 UTC] PHP Deprecated:  Function get_magic_quotes_gpc() is deprecated in /Users/sachin/wardtwenty_four/wp-includes/formatting.php on line 4387
[25-Aug-2026 17:20:24 UTC] PHP Deprecated:  Function get_magic_quotes_gpc() is deprecated in /Users/sachin/wardtwenty_four/wp-includes/formatting.php on line 4387
[25-Aug-2026 17:20:24 UTC] PHP Deprecated:  Function get_magic_quotes_gpc() is deprecated in /Users/sachin/wardtwenty_four/wp-includes/formatting.php on line 4387
[25-Aug-2026 17:20:24 UTC] PHP Deprecated:  Function get_magic_quotes_gpc() is deprecated in /Users/sachin/wardtwenty_four/wp-includes/formatting.php on line 4387
[25-Aug-2026 17:20:24 UTC] PHP Deprecated:  Function get_magic_quotes_gpc() is deprecated in /Users/sachin/wardtwenty_four/wp-includes/formatting.php on line 4387
[25-Aug-2026 17:20:24 UTC] PHP Deprecated:  Function get_magic_quotes_gpc() is deprecated in /Users/sachin/wardtwenty_four/wp-includes/formatting.php on line 4387
[25-Aug-2026 17:20:24 UTC] PHP Deprecated:  Function get_magic_quotes_gpc() is deprecated in /Users/sachin/wardtwenty_four/wp-includes/formatting.php on line 4387
[25-Aug-2026 17:20:24 UTC] PHP Deprecated:  Function get_magic_quotes_gpc() is deprecated in /Users/sachin/wardtwenty_four/wp-includes/formatting.php on line 4387
[25-Aug-2026 17:20:24 UTC] PHP Deprecated:  Function get_magic_quotes_gpc() is deprecated in /Users/sachin/wardtwenty_four/wp-includes/formatting.php on line 4387
[25-Aug-2026 17:20:24 UTC] PHP Deprecated:  Function get_magic_quotes_gpc() is deprecated in /Users/sachin/wardtwenty_four/wp-includes/formatting.php on line 4387
[25-Aug-2026 17:20:24 UTC] PHP Deprecated:  Function get_magic_quotes_gpc() is deprecated in /Users/sachin/wardtwenty_four/wp-includes/formatting.php on line 4387
[25-Aug-2026 17:20:24 UTC] PHP Deprecated:  Function get_magic_quotes_gpc() is deprecated in /Users/sachin/wardtwenty_four/wp-includes/formatting.php on line 4387
[25-Aug-2026 17:20:24 UTC] PHP Deprecated:  Function get_magic_quotes_gpc() is deprecated in /Users/sachin/wardtwenty_four/wp-includes/formatting.php on line 4387
[25-Aug-2026 17:20:24 UTC] PHP Deprecated:  Function get_magic_quotes_gpc() is deprecated in /Users/sachin/wardtwenty_four/wp-includes/formatting.php on line 4387
[25-Aug-2026 17:20:24 UTC] PHP Deprecated:  Function get_magic_quotes_gpc() is deprecated in /Users/sachin/wardtwenty_four/wp-includes/formatting.php on line 4387
[25-Aug-2026 17:20:24 UTC] PHP Deprecated:  Function get_magic_quotes_gpc() is deprecated in /Users/sachin/wardtwenty_four/wp-includes/formatting.php on line 4387
[25-Aug-2026 17:20:24 UTC] PHP Deprecated:  Function get_magic_quotes_gpc() is deprecated in /Users/sachin/wardtwenty_four/wp-includes/formatting.php on line 4387
[25-Aug-2026 17:20:24 UTC] PHP Deprecated:  Function get_magic_quotes_gpc() is deprecated in /Users/sachin/wardtwenty_four/wp-includes/formatting.php on line 4387
[25-Aug-2026 17:20:24 UTC] PHP Deprecated:  Function get_magic_quotes_gpc() is deprecated in /Users/sachin/wardtwenty_four/wp-includes/formatting.php on line 4387
[25-Aug-2026 17:20:24 UTC] PHP Deprecated:  Function get_magic_quotes_gpc() is deprecated in /Users/sachin/wardtwenty_four/wp-includes/formatting.php on line 4387
[25-Aug-2026 17:20:24 UTC] PHP Deprecated:  Function get_magic_quotes_gpc() is deprecated in /Users/sachin/wardtwenty_four/wp-includes/formatting.php on line 4387
[25-Aug-2026 17:20:24 UTC] PHP Deprecated:  Function get_magic_quotes_gpc() is deprecated in /Users/sachin/wardtwenty_four/wp-includes/formatting.php on line 4387
[25-Aug-2026 17:20:24 UTC] PHP Deprecated:  Function get_magic_quotes_gpc() is deprecated in /Users/sachin/wardtwenty_four/wp-includes/formatting.php on line 4387
[25-Aug-2026 17:20:24 UTC] PHP Deprecated:  Function get_magic_quotes_gpc() is deprecated in /Users/sachin/wardtwenty_four/wp-includes/formatting.php on line 4387
[25-Aug-2026 17:20:24 UTC] PHP Deprecated:  Function get_magic_quotes_gpc() is deprecated in /Users/sachin/wardtwenty_four/wp-includes/formatting.php on line 4387
[25-Aug-2026 17:20:24 UTC] PHP Deprecated:  Function get_magic_quotes_gpc() is deprecated in /Users/sachin/wardtwenty_four/wp-includes/formatting.php on line 4387
[25-Aug-2026 17:20:24 UTC] PHP Deprecated:  Function get_magic_quotes_gpc() is deprecated in /Users/sachin/wardtwenty_four/wp-includes/formatting.php on line 4387
[25-Aug-2026 17:20:24 UTC] PHP Deprecated:  Function get_magic_quotes_gpc() is deprecated in /Users/sachin/wardtwenty_four/wp-includes/formatting.php on line 4387
[25-Aug-2026 17:20:24 UTC] PHP Deprecated:  Function get_magic_quotes_gpc() is deprecated in /Users/sachin/wardtwenty_four/wp-includes/formatting.php on line 4387
[25-Aug-2026 17:20:24 UTC] PHP Deprecated:  Function get_magic_quotes_gpc() is deprecated in /Users/sachin/wardtwenty_four/wp-includes/formatting.php on line 4387
[25-Aug-2026 17:20:24 UTC] PHP Deprecated:  Function get_magic_quotes_gpc() is deprecated in /Users/sachin/wardtwenty_four/wp-includes/formatting.php on line 4387
[25-Aug-2026 17:20:24 UTC] PHP Deprecated:  Function get_magic_quotes_gpc() is deprecated in /Users/sachin/wardtwenty_four/wp-includes/formatting.php on line 4387
[25-Aug-2026 17:20:24 UTC] PHP Deprecated:  Function get_magic_quotes_gpc() is deprecated in /Users/sachin/wardtwenty_four/wp-includes/formatting.php on line 4387
[25-Aug-2026 17:20:24 UTC] PHP Deprecated:  Function get_magic_quotes_gpc() is deprecated in /Users/sachin/wardtwenty_four/wp-includes/formatting.php on line 4387
[25-Aug-2026 17:20:24 UTC] PHP Deprecated:  Function get_magic_quotes_gpc() is deprecated in /Users/sachin/wardtwenty_four/wp-includes/formatting.php on line 4387
[25-Aug-2026 17:20:24 UTC] PHP Deprecated:  Function get_magic_quotes_gpc() is deprecated in /Users/sachin/wardtwenty_four/wp-includes/formatting.php on line 4387
[25-Aug-2026 17:20:24 UTC] PHP Deprecated:  Function get_magic_quotes_gpc() is deprecated in /Users/sachin/wardtwenty_four/wp-includes/formatting.php on line 4387
[25-Aug-2026 17:20:24 UTC] PHP Deprecated:  Function get_magic_quotes_gpc() is deprecated in /Users/sachin/wardtwenty_four/wp-includes/formatting.php on line 4387
[25-Aug-2026 17:20:24 UTC] PHP Deprecated:  Function get_magic_quotes_gpc() is deprecated in /Users/sachin/wardtwenty_four/wp-includes/formatting.php on line 4387
[25-Aug-2026 17:20:24 UTC] PHP Deprecated:  Function get_magic_quotes_gpc() is deprecated in /Users/sachin/wardtwenty_four/wp-includes/formatting.php on line 4387
[25-Aug-2026 17:20:24 UTC] PHP Deprecated:  Function get_magic_quotes_gpc() is deprecated in /Users/sachin/wardtwenty_four/wp-includes/formatting.php on line 4387
[25-Aug-2026 17:20:24 UTC] PHP Deprecated:  Function get_magic_quotes_gpc() is deprecated in /Users/sachin/wardtwenty_four/wp-includes/formatting.php on line 4387
[25-Aug-2026 17:20:24 UTC] PHP Deprecated:  Function get_magic_quotes_gpc() is deprecated in /Users/sachin/wardtwenty_four/wp-includes/formatting.php on line 4387
[25-Aug-2026 17:20:24 UTC] PHP Deprecated:  Function get_magic_quotes_gpc() is deprecated in /Users/sachin/wardtwenty_four/wp-includes/formatting.php on line 4387
[25-Aug-2026 17:20:24 UTC] PHP Deprecated:  Function get_magic_quotes_gpc() is deprecated in /Users/sachin/wardtwenty_four/wp-includes/formatting.php on line 4387
[25-Aug-2026 17:20:24 UTC] PHP Deprecated:  Function get_magic_quotes_gpc() is deprecated in /Users/sachin/wardtwenty_four/wp-includes/formatting.php on line 4387
[25-Aug-2026 17:20:24 UTC] PHP Deprecated:  Function get_magic_quotes_gpc() is deprecated in /Users/sachin/wardtwenty_four/wp-includes/formatting.php on line 4387
[25-Aug-2026 17:20:24 UTC] PHP Deprecated:  Function get_magic_quotes_gpc() is deprecated in /Users/sachin/wardtwenty_four/wp-includes/formatting.php on line 4387
[25-Aug-2026 17:20:24 UTC] PHP Deprecated:  Function get_magic_quotes_gpc() is deprecated in /Users/sachin/wardtwenty_four/wp-includes/formatting.php on line 4387
[25-Aug-2026 17:20:24 UTC] PHP Deprecated:  Function get_magic_quotes_gpc() is deprecated in /Users/sachin/wardtwenty_four/wp-includes/formatting.php on line 4387
[25-Aug-2026 17:20:24 UTC] PHP Deprecated:  Function get_magic_quotes_gpc() is deprecated in /Users/sachin/wardtwenty_four/wp-includes/formatting.php on line 4387
[25-Aug-2026 17:20:24 UTC] PHP Deprecated:  Function get_magic_quotes_gpc() is deprecated in /Users/sachin/wardtwenty_four/wp-includes/formatting.php on line 4387
[25-Aug-2026 17:20:24 UTC] PHP Deprecated:  Function get_magic_quotes_gpc() is deprecated in /Users/sachin/wardtwenty_four/wp-includes/formatting.php on line 4387
[25-Aug-2026 17:20:24 UTC] PHP Deprecated:  Function get_magic_quotes_gpc() is deprecated in /Users/sachin/wardtwenty_four/wp-includes/formatting.php on line 4387
[25-Aug-2026 17:20:24 UTC] PHP Deprecated:  Function get_magic_quotes_gpc() is deprecated in /Users/sachin/wardtwenty_four/wp-includes/formatting.php on line 4387
[25-Aug-2026 17:20:24 UTC] PHP Deprecated:  Function get_magic_quotes_gpc() is deprecated in /Users/sachin/wardtwenty_four/wp-includes/formatting.php on line 4387
[25-Aug-2026 17:20:24 UTC] PHP Deprecated:  Function get_magic_quotes_gpc() is deprecated in /Users/sachin/wardtwenty_four/wp-includes/formatting.php on line 4387
[25-Aug-2026 17:20:24 UTC] PHP Deprecated:  Function get_magic_quotes_gpc() is deprecated in /Users/sachin/wardtwenty_four/wp-includes/formatting.php on line 4387
[25-Aug-2026 17:20:24 UTC] PHP Deprecated:  Function get_magic_quotes_gpc() is deprecated in /Users/sachin/wardtwenty_four/wp-includes/formatting.php on line 4387
[25-Aug-2026 17:20:24 UTC] PHP Deprecated:  Function get_magic_quotes_gpc() is deprecated in /Users/sachin/wardtwenty_four/wp-includes/formatting.php on line 4387
[25-Aug-2026 17:20:24 UTC] PHP Deprecated:  Function get_magic_quotes_gpc() is deprecated in /Users/sachin/wardtwenty_four/wp-includes/formatting.php on line 4387
[25-Aug-2026 17:20:24 UTC] PHP Notice:  Trying to access array offset on value of type bool in /Users/sachin/wardtwenty_four/wp-admin/includes/update.php on line 608
[25-Aug-2026 17:20:24 UTC] PHP Deprecated:  Function get_magic_quotes_gpc() is deprecated in /Users/sachin/wardtwenty_four/wp-includes/formatting.php on line 4387
[25-Aug-2026 17:20:24 UTC] PHP Deprecated:  Function get_magic_quotes_gpc() is deprecated in /Users/sachin/wardtwenty_four/wp-includes/formatting.php on line 2448
[25-Aug-2026 17:20:24 UTC] PHP Deprecated:  Function get_magic_quotes_gpc() is deprecated in /Users/sachin/wardtwenty_four/wp-includes/formatting.php on line 4387
[25-Aug-2026 17:20:24 UTC] PHP Deprecated:  Function get_magic_quotes_gpc() is deprecated in /Users/sachin/wardtwenty_four/wp-includes/formatting.php on line 4387
[25-Aug-2026 17:20:24 UTC] PHP Deprecated:  Function get_magic_quotes_gpc() is deprecated in /Users/sachin/wardtwenty_four/wp-includes/formatting.php on line 4387
[25-Aug-2026 17:20:24 UTC] PHP Deprecated:  Function get_magic_quotes_gpc() is deprecated in /Users/sachin/wardtwenty_four/wp-includes/formatting.php on line 4387
[25-Aug-2026 17:20:24 UTC] PHP Deprecated:  Function get_magic_quotes_gpc() is deprecated in /Users/sachin/wardtwenty_four/wp-includes/formatting.php on line 4387
[25-Aug-2026 17:20:24 UTC] PHP Deprecated:  Function get_magic_quotes_gpc() is deprecated in /Users/sachin/wardtwenty_four/wp-includes/formatting.php on line 4387
[25-Aug-2026 17:20:24 UTC] PHP Deprecated:  Function get_magic_quotes_gpc() is deprecated in /Users/sachin/wardtwenty_four/wp-includes/formatting.php on line 4387
[25-Aug-2026 17:20:24 UTC] PHP Deprecated:  Function get_magic_quotes_gpc() is deprecated in /Users/sachin/wardtwenty_four/wp-includes/formatting.php on line 4387
[25-Aug-2026 17:20:24 UTC] PHP Deprecated:  Function get_magic_quotes_gpc() is deprecated in /Users/sachin/wardtwenty_four/wp-includes/formatting.php on line 4387
[25-Aug-2026 17:20:24 UTC] PHP Deprecated:  Function get_magic_quotes_gpc() is deprecated in /Users/sachin/wardtwenty_four/wp-includes/formatting.php on line 4387
[25-Aug-2026 17:20:24 UTC] PHP Deprecated:  Function get_magic_quotes_gpc() is deprecated in /Users/sachin/wardtwenty_four/wp-includes/formatting.php on line 4387
[25-Aug-2026 17:20:24 UTC] PHP Deprecated:  Function get_magic_quotes_gpc() is deprecated in /Users/sachin/wardtwenty_four/wp-includes/formatting.php on line 4387
[25-Aug-2026 17:20:24 UTC] PHP Deprecated:  Function get_magic_quotes_gpc() is deprecated in /Users/sachin/wardtwenty_four/wp-includes/formatting.php on line 4387
[25-Aug-2026 17:20:24 UTC] PHP Deprecated:  Function get_magic_quotes_gpc() is deprecated in /Users/sachin/wardtwenty_four/wp-includes/formatting.php on line 4387
[25-Aug-2026 17:20:24 UTC] PHP Deprecated:  Function get_magic_quotes_gpc() is deprecated in /Users/sachin/wardtwenty_four/wp-includes/formatting.php on line 4387
[25-Aug-2026 17:20:24 UTC] PHP Deprecated:  Function get_magic_quotes_gpc() is deprecated in /Users/sachin/wardtwenty_four/wp-includes/formatting.php on line 4387
[25-Aug-2026 17:20:24 UTC] PHP Deprecated:  Function get_magic_quotes_gpc() is deprecated in /Users/sachin/wardtwenty_four/wp-includes/formatting.php on line 4387
[25-Aug-2026 17:20:24 UTC] PHP Deprecated:  Function get_magic_quotes_gpc() is deprecated in /Users/sachin/wardtwenty_four/wp-includes/formatting.php on line 4387
[25-Aug-2026 17:20:24 UTC] PHP Deprecated:  Function get_magic_quotes_gpc() is deprecated in /Users/sachin/wardtwenty_four/wp-includes/formatting.php on line 4387
[25-Aug-2026 17:20:24 UTC] PHP Deprecated:  Function get_magic_quotes_gpc() is deprecated in /Users/sachin/wardtwenty_four/wp-includes/formatting.php on line 4387
[25-Aug-2026 17:20:24 UTC] PHP Deprecated:  Function get_magic_quotes_gpc() is deprecated in /Users/sachin/wardtwenty_four/wp-includes/formatting.php on line 4387
[25-Aug-2026 17:20:24 UTC] PHP Deprecated:  Function get_magic_quotes_gpc() is deprecated in /Users/sachin/wardtwenty_four/wp-includes/formatting.php on line 4387
[25-Aug-2026 17:20:24 UTC] PHP Deprecated:  Function get_magic_quotes_gpc() is deprecated in /Users/sachin/wardtwenty_four/wp-includes/formatting.php on line 4387
[25-Aug-2026 17:20:24 UTC] PHP Deprecated:  Function get_magic_quotes_gpc() is deprecated in /Users/sachin/wardtwenty_four/wp-includes/formatting.php on line 4387
[25-Aug-2026 17:20:24 UTC] PHP Deprecated:  Function get_magic_quotes_gpc() is deprecated in /Users/sachin/wardtwenty_four/wp-includes/formatting.php on line 4387
[25-Aug-2026 17:20:24 UTC] PHP Deprecated:  Function get_magic_quotes_gpc() is deprecated in /Users/sachin/wardtwenty_four/wp-includes/formatting.php on line 4387
[25-Aug-2026 17:20:24 UTC] PHP Deprecated:  Function get_magic_quotes_gpc() is deprecated in /Users/sachin/wardtwenty_four/wp-includes/formatting.php on line 4387
[25-Aug-2026 17:20:24 UTC] PHP Deprecated:  Function get_magic_quotes_gpc() is deprecated in /Users/sachin/wardtwenty_four/wp-includes/formatting.php on line 4387
[25-Aug-2026 17:20:24 UTC] PHP Deprecated:  Function get_magic_quotes_gpc() is deprecated in /Users/sachin/wardtwenty_four/wp-includes/formatting.php on line 4387
[25-Aug-2026 17:20:24 UTC] PHP Deprecated:  Function get_magic_quotes_gpc() is deprecated in /Users/sachin/wardtwenty_four/wp-includes/formatting.php on line 4387
[25-Aug-2026 17:20:24 UTC] PHP Deprecated:  Function get_magic_quotes_gpc() is deprecated in /Users/sachin/wardtwenty_four/wp-includes/formatting.php on line 4387
[25-Aug-2026 17:20:24 UTC] PHP Deprecated:  Function get_magic_quotes_gpc() is deprecated in /Users/sachin/wardtwenty_four/wp-includes/formatting.php on line 4387
[25-Aug-2026 17:20:24 UTC] PHP Deprecated:  Function get_magic_quotes_gpc() is deprecated in /Users/sachin/wardtwenty_four/wp-includes/formatting.php on line 4387
[25-Aug-2026 17:20:24 UTC] PHP Deprecated:  Function get_magic_quotes_gpc() is deprecated in /Users/sachin/wardtwenty_four/wp-includes/formatting.php on line 4387
[25-Aug-2026 17:20:24 UTC] PHP Deprecated:  Function get_magic_quotes_gpc() is deprecated in /Users/sachin/wardtwenty_four/wp-includes/formatting.php on line 4387
[25-Aug-2026 17:20:24 UTC] PHP Deprecated:  Function get_magic_quotes_gpc() is deprecated in /Users/sachin/wardtwenty_four/wp-includes/formatting.php on line 4387
[25-Aug-2026 17:20:24 UTC] PHP Deprecated:  Function get_magic_quotes_gpc() is deprecated in /Users/sachin/wardtwenty_four/wp-includes/formatting.php on line 4387
[25-Aug-2026 17:20:24 UTC] PHP Deprecated:  Function get_magic_quotes_gpc() is deprecated in /Users/sachin/wardtwenty_four/wp-includes/formatting.php on line 4387
[25-Aug-2026 17:20:24 UTC] PHP Deprecated:  Function get_magic_quotes_gpc() is deprecated in /Users/sachin/wardtwenty_four/wp-includes/formatting.php on line 4387
[25-Aug-2026 17:20:24 UTC] PHP Deprecated:  Function get_magic_quotes_gpc() is deprecated in /Users/sachin/wardtwenty_four/wp-includes/formatting.php on line 4387
[25-Aug-2026 17:20:24 UTC] PHP Deprecated:  Function get_magic_quotes_gpc() is deprecated in /Users/sachin/wardtwenty_four/wp-includes/formatting.php on line 4387
[25-Aug-2026 17:20:24 UTC] PHP Deprecated:  Function get_magic_quotes_gpc() is deprecated in /Users/sachin/wardtwenty_four/wp-includes/formatting.php on line 4387
[25-Aug-2026 17:20:24 UTC] PHP Deprecated:  Function get_magic_quotes_gpc() is deprecated in /Users/sachin/wardtwenty_four/wp-includes/formatting.php on line 4387
[25-Aug-2026 17:20:24 UTC] PHP Deprecated:  Function get_magic_quotes_gpc() is deprecated in /Users/sachin/wardtwenty_four/wp-includes/formatting.php on line 4387
[25-Aug-2026 17:20:24 UTC] PHP Deprecated:  Function get_magic_quotes_gpc() is deprecated in /Users/sachin/wardtwenty_four/wp-includes/formatting.php on line 4387
[25-Aug-2026 17:20:24 UTC] PHP Deprecated:  Function get_magic_quotes_gpc() is deprecated in /Users/sachin/wardtwenty_four/wp-includes/formatting.php on line 4387
[25-Aug-2026 17:20:24 UTC] PHP Deprecated:  Function get_magic_quotes_gpc() is deprecated in /Users/sachin/wardtwenty_four/wp-includes/formatting.php on line 4387
[25-Aug-2026 17:20:24 UTC] PHP Deprecated:  Function get_magic_quotes_gpc() is deprecated in /Users/sachin/wardtwenty_four/wp-includes/formatting.php on line 4387
[25-Aug-2026 17:20:24 UTC] PHP Deprecated:  Function get_magic_quotes_gpc() is deprecated in /Users/sachin/wardtwenty_four/wp-includes/formatting.php on line 4387
[25-Aug-2026 17:20:24 UTC] PHP Deprecated:  Function get_magic_quotes_gpc() is deprecated in /Users/sachin/wardtwenty_four/wp-includes/formatting.php on line 4387
[25-Aug-2026 17:20:24 UTC] PHP Deprecated:  Function get_magic_quotes_gpc() is deprecated in /Users/sachin/wardtwenty_four/wp-includes/formatting.php on line 4387
[25-Aug-2026 17:20:24 UTC] PHP Deprecated:  Function get_magic_quotes_gpc() is deprecated in /Users/sachin/wardtwenty_four/wp-includes/formatting.php on line 4387
[25-Aug-2026 17:20:24 UTC] PHP Deprecated:  Function get_magic_quotes_gpc() is deprecated in /Users/sachin/wardtwenty_four/wp-includes/formatting.php on line 4387
[25-Aug-2026 17:20:24 UTC] PHP Deprecated:  Function get_magic_quotes_gpc() is deprecated in /Users/sachin/wardtwenty_four/wp-includes/formatting.php on line 4387
[25-Aug-2026 17:20:24 UTC] PHP Deprecated:  Function get_magic_quotes_gpc() is deprecated in /Users/sachin/wardtwenty_four/wp-includes/formatting.php on line 4387
[25-Aug-2026 17:20:24 UTC] PHP Deprecated:  Function get_magic_quotes_gpc() is deprecated in /Users/sachin/wardtwenty_four/wp-includes/formatting.php on line 4387
[25-Aug-2026 17:20:24 UTC] PHP Deprecated:  Function get_magic_quotes_gpc() is deprecated in /Users/sachin/wardtwenty_four/wp-includes/formatting.php on line 4387
[25-Aug-2026 17:20:24 UTC] PHP Deprecated:  Function get_magic_quotes_gpc() is deprecated in /Users/sachin/wardtwenty_four/wp-includes/formatting.php on line 4387
[25-Aug-2026 17:20:24 UTC] PHP Deprecated:  Function get_magic_quotes_gpc() is deprecated in /Users/sachin/wardtwenty_four/wp-includes/formatting.php on line 4387
[25-Aug-2026 17:20:24 UTC] PHP Deprecated:  Function get_magic_quotes_gpc() is deprecated in /Users/sachin/wardtwenty_four/wp-includes/formatting.php on line 4387
[25-Aug-2026 17:20:24 UTC] PHP Deprecated:  Function get_magic_quotes_gpc() is deprecated in /Users/sachin/wardtwenty_four/wp-includes/formatting.php on line 4387
[25-Aug-2026 17:20:24 UTC] PHP Deprecated:  Function get_magic_quotes_gpc() is deprecated in /Users/sachin/wardtwenty_four/wp-includes/formatting.php on line 4387
[25-Aug-2026 17:20:24 UTC] PHP Deprecated:  Function get_magic_quotes_gpc() is deprecated in /Users/sachin/wardtwenty_four/wp-includes/formatting.php on line 4387
[25-Aug-2026 17:20:24 UTC] PHP Deprecated:  Function get_magic_quotes_gpc() is deprecated in /Users/sachin/wardtwenty_four/wp-includes/formatting.php on line 4387
[25-Aug-2026 17:20:24 UTC] PHP Deprecated:  Function get_magic_quotes_gpc() is deprecated in /Users/sachin/wardtwenty_four/wp-includes/formatting.php on line 4387
[25-Aug-2026 17:20:24 UTC] PHP Deprecated:  Function get_magic_quotes_gpc() is deprecated in /Users/sachin/wardtwenty_four/wp-includes/formatting.php on line 4387
[25-Aug-2026 17:20:24 UTC] PHP Deprecated:  Function get_magic_quotes_gpc() is deprecated in /Users/sachin/wardtwenty_four/wp-includes/formatting.php on line 4387
[25-Aug-2026 17:20:24 UTC] PHP Deprecated:  Function get_magic_quotes_gpc() is deprecated in /Users/sachin/wardtwenty_four/wp-includes/formatting.php on line 4387
[25-Aug-2026 17:20:24 UTC] PHP Deprecated:  Function get_magic_quotes_gpc() is deprecated in /Users/sachin/wardtwenty_four/wp-includes/formatting.php on line 4387
[25-Aug-2026 17:20:24 UTC] PHP Deprecated:  Function get_magic_quotes_gpc() is deprecated in /Users/sachin/wardtwenty_four/wp-includes/formatting.php on line 4387
[25-Aug-2026 17:20:24 UTC] PHP Deprecated:  Function get_magic_quotes_gpc() is deprecated in /Users/sachin/wardtwenty_four/wp-includes/formatting.php on line 4387
[25-Aug-2026 17:20:24 UTC] PHP Deprecated:  Function get_magic_quotes_gpc() is deprecated in /Users/sachin/wardtwenty_four/wp-includes/formatting.php on line 4387
[25-Aug-2026 17:20:24 UTC] PHP Deprecated:  Function get_magic_quotes_gpc() is deprecated in /Users/sachin/wardtwenty_four/wp-includes/formatting.php on line 4387
[25-Aug-2026 17:20:24 UTC] PHP Deprecated:  Function get_magic_quotes_gpc() is deprecated in /Users/sachin/wardtwenty_four/wp-includes/formatting.php on line 4387
[25-Aug-2026 17:20:24 UTC] PHP Deprecated:  Function get_magic_quotes_gpc() is deprecated in /Users/sachin/wardtwenty_four/wp-includes/formatting.php on line 4387
[25-Aug-2026 17:20:24 UTC] PHP Deprecated:  Function get_magic_quotes_gpc() is deprecated in /Users/sachin/wardtwenty_four/wp-includes/formatting.php on line 4387
[25-Aug-2026 17:20:24 UTC] PHP Deprecated:  Function get_magic_quotes_gpc() is deprecated in /Users/sachin/wardtwenty_four/wp-includes/formatting.php on line 4387
[25-Aug-2026 17:20:24 UTC] PHP Deprecated:  Function get_magic_quotes_gpc() is deprecated in /Users/sachin/wardtwenty_four/wp-includes/formatting.php on line 4387
[25-Aug-2026 17:20:24 UTC] PHP Deprecated:  Function get_magic_quotes_gpc() is deprecated in /Users/sachin/wardtwenty_four/wp-includes/formatting.php on line 4387
[25-Aug-2026 17:20:24 UTC] PHP Deprecated:  Function get_magic_quotes_gpc() is deprecated in /Users/sachin/wardtwenty_four/wp-includes/formatting.php on line 4387
[25-Aug-2026 17:20:24 UTC] PHP Deprecated:  Function get_magic_quotes_gpc() is deprecated in /Users/sachin/wardtwenty_four/wp-includes/formatting.php on line 4387
[25-Aug-2026 17:20:24 UTC] PHP Deprecated:  Function get_magic_quotes_gpc() is deprecated in /Users/sachin/wardtwenty_four/wp-includes/formatting.php on line 4387
[25-Aug-2026 17:20:24 UTC] PHP Deprecated:  Function get_magic_quotes_gpc() is deprecated in /Users/sachin/wardtwenty_four/wp-includes/formatting.php on line 4387
[25-Aug-2026 17:20:24 UTC] PHP Deprecated:  Function get_magic_quotes_gpc() is deprecated in /Users/sachin/wardtwenty_four/wp-includes/formatting.php on line 4387
[25-Aug-2026 17:20:24 UTC] PHP Deprecated:  Function get_magic_quotes_gpc() is deprecated in /Users/sachin/wardtwenty_four/wp-includes/formatting.php on line 4387
[25-Aug-2026 17:20:24 UTC] PHP Deprecated:  Function get_magic_quotes_gpc() is deprecated in /Users/sachin/wardtwenty_four/wp-includes/formatting.php on line 4387
[25-Aug-2026 17:20:24 UTC] PHP Deprecated:  Function get_magic_quotes_gpc() is deprecated in /Users/sachin/wardtwenty_four/wp-includes/formatting.php on line 4387
[25-Aug-2026 17:20:24 UTC] PHP Deprecated:  Function get_magic_quotes_gpc() is deprecated in /Users/sachin/wardtwenty_four/wp-includes/formatting.php on line 4387
[25-Aug-2026 17:20:24 UTC] PHP Deprecated:  Function get_magic_quotes_gpc() is deprecated in /Users/sachin/wardtwenty_four/wp-includes/formatting.php on line 4387
[25-Aug-2026 17:20:24 UTC] PHP Deprecated:  Function get_magic_quotes_gpc() is deprecated in /Users/sachin/wardtwenty_four/wp-includes/formatting.php on line 4387
[25-Aug-2026 17:20:24 UTC] PHP Deprecated:  Function get_magic_quotes_gpc() is deprecated in /Users/sachin/wardtwenty_four/wp-includes/formatting.php on line 4387
[25-Aug-2026 17:20:24 UTC] PHP Deprecated:  Function get_magic_quotes_gpc() is deprecated in /Users/sachin/wardtwenty_four/wp-includes/formatting.php on line 4387
[25-Aug-2026 17:20:24 UTC] PHP Deprecated:  Function get_magic_quotes_gpc() is deprecated in /Users/sachin/wardtwenty_four/wp-includes/formatting.php on line 4387
[25-Aug-2026 17:20:24 UTC] PHP Deprecated:  Function get_magic_quotes_gpc() is deprecated in /Users/sachin/wardtwenty_four/wp-includes/formatting.php on line 4387
[25-Aug-2026 17:20:24 UTC] PHP Deprecated:  Function get_magic_quotes_gpc() is deprecated in /Users/sachin/wardtwenty_four/wp-includes/formatting.php on line 4387
[25-Aug-2026 17:20:24 UTC] PHP Deprecated:  Function get_magic_quotes_gpc() is deprecated in /Users/sachin/wardtwenty_four/wp-includes/formatting.php on line 4387
[25-Aug-2026 17:20:24 UTC] PHP Deprecated:  Function get_magic_quotes_gpc() is deprecated in /Users/sachin/wardtwenty_four/wp-includes/formatting.php on line 4387
[25-Aug-2026 17:20:24 UTC] PHP Deprecated:  Function get_magic_quotes_gpc() is deprecated in /Users/sachin/wardtwenty_four/wp-includes/formatting.php on line 4387
[25-Aug-2026 17:20:24 UTC] PHP Deprecated:  Function get_magic_quotes_gpc() is deprecated in /Users/sachin/wardtwenty_four/wp-includes/formatting.php on line 4387
[25-Aug-2026 17:20:24 UTC] PHP Deprecated:  Function get_magic_quotes_gpc() is deprecated in /Users/sachin/wardtwenty_four/wp-includes/formatting.php on line 4387
[25-Aug-2026 17:20:27 UTC] PHP Deprecated:  Function get_magic_quotes_gpc() is deprecated in /Users/sachin/wardtwenty_four/wp-includes/load.php on line 651
[25-Aug-2026 17:20:27 UTC] PHP Notice:  Trying to access array offset on value of type bool in /Users/sachin/wardtwenty_four/wp-includes/theme.php on line 2241
[25-Aug-2026 17:20:27 UTC] PHP Deprecated:  Function get_magic_quotes_gpc() is deprecated in /Users/sachin/wardtwenty_four/wp-includes/formatting.php on line 4387
[25-Aug-2026 17:20:27 UTC] PHP Deprecated:  Function get_magic_quotes_gpc() is deprecated in /Users/sachin/wardtwenty_four/wp-includes/formatting.php on line 4387
[25-Aug-2026 17:20:27 UTC] PHP Deprecated:  Function get_magic_quotes_gpc() is deprecated in /Users/sachin/wardtwenty_four/wp-includes/formatting.php on line 4387
[25-Aug-2026 17:20:27 UTC] PHP Deprecated:  Function get_magic_quotes_gpc() is deprecated in /Users/sachin/wardtwenty_four/wp-includes/formatting.php on line 4387
[25-Aug-2026 17:20:27 UTC] PHP Deprecated:  Function get_magic_quotes_gpc() is deprecated in /Users/sachin/wardtwenty_four/wp-includes/formatting.php on line 4387
[25-Aug-2026 17:20:27 UTC] PHP Deprecated:  Function get_magic_quotes_gpc() is deprecated in /Users/sachin/wardtwenty_four/wp-includes/formatting.php on line 4387
[25-Aug-2026 17:20:27 UTC] PHP Deprecated:  Function get_magic_quotes_gpc() is deprecated in /Users/sachin/wardtwenty_four/wp-includes/formatting.php on line 4387
[25-Aug-2026 17:20:27 UTC] PHP Deprecated:  Function get_magic_quotes_gpc() is deprecated in /Users/sachin/wardtwenty_four/wp-includes/formatting.php on line 4387
[25-Aug-2026 17:20:27 UTC] PHP Deprecated:  Function get_magic_quotes_gpc() is deprecated in /Users/sachin/wardtwenty_four/wp-includes/formatting.php on line 4387
[25-Aug-2026 17:20:27 UTC] PHP Deprecated:  Function get_magic_quotes_gpc() is deprecated in /Users/sachin/wardtwenty_four/wp-includes/formatting.php on line 4387
[25-Aug-2026 17:20:27 UTC] PHP Deprecated:  Function get_magic_quotes_gpc() is deprecated in /Users/sachin/wardtwenty_four/wp-includes/formatting.php on line 4387
[25-Aug-2026 17:20:27 UTC] PHP Deprecated:  Function get_magic_quotes_gpc() is deprecated in /Users/sachin/wardtwenty_four/wp-includes/formatting.php on line 4387
[25-Aug-2026 17:20:27 UTC] PHP Deprecated:  Function get_magic_quotes_gpc() is deprecated in /Users/sachin/wardtwenty_four/wp-includes/formatting.php on line 4387
[25-Aug-2026 17:20:27 UTC] PHP Deprecated:  Function get_magic_quotes_gpc() is deprecated in /Users/sachin/wardtwenty_four/wp-includes/formatting.php on line 4387
[25-Aug-2026 17:20:27 UTC] PHP Deprecated:  Function get_magic_quotes_gpc() is deprecated in /Users/sachin/wardtwenty_four/wp-includes/formatting.php on line 4387
[25-Aug-2026 17:20:27 UTC] PHP Deprecated:  Function get_magic_quotes_gpc() is deprecated in /Users/sachin/wardtwenty_four/wp-includes/formatting.php on line 4387
[25-Aug-2026 17:20:27 UTC] PHP Deprecated:  Function get_magic_quotes_gpc() is deprecated in /Users/sachin/wardtwenty_four/wp-includes/formatting.php on line 4387
[25-Aug-2026 17:20:27 UTC] PHP Deprecated:  Function get_magic_quotes_gpc() is deprecated in /Users/sachin/wardtwenty_four/wp-includes/formatting.php on line 4387
[25-Aug-2026 17:20:27 UTC] PHP Deprecated:  Function get_magic_quotes_gpc() is deprecated in /Users/sachin/wardtwenty_four/wp-includes/formatting.php on line 4387
[25-Aug-2026 17:20:27 UTC] PHP Deprecated:  Function get_magic_quotes_gpc() is deprecated in /Users/sachin/wardtwenty_four/wp-includes/formatting.php on line 4387
[25-Aug-2026 17:20:27 UTC] PHP Deprecated:  Function get_magic_quotes_gpc() is deprecated in /Users/sachin/wardtwenty_four/wp-includes/formatting.php on line 4387
[25-Aug-2026 17:20:27 UTC] PHP Deprecated:  Function get_magic_quotes_gpc() is deprecated in /Users/sachin/wardtwenty_four/wp-includes/formatting.php on line 4387
[25-Aug-2026 17:20:27 UTC] PHP Deprecated:  Function get_magic_quotes_gpc() is deprecated in /Users/sachin/wardtwenty_four/wp-includes/formatting.php on line 4387
[25-Aug-2026 17:20:27 UTC] PHP Deprecated:  Function get_magic_quotes_gpc() is deprecated in /Users/sachin/wardtwenty_four/wp-includes/formatting.php on line 4387
[25-Aug-2026 17:20:27 UTC] PHP Deprecated:  Function get_magic_quotes_gpc() is deprecated in /Users/sachin/wardtwenty_four/wp-includes/formatting.php on line 4387
[25-Aug-2026 17:20:27 UTC] PHP Deprecated:  Function get_magic_quotes_gpc() is deprecated in /Users/sachin/wardtwenty_four/wp-includes/formatting.php on line 4387
[25-Aug-2026 17:20:27 UTC] PHP Deprecated:  Function get_magic_quotes_gpc() is deprecated in /Users/sachin/wardtwenty_four/wp-includes/formatting.php on line 4387
[25-Aug-2026 17:20:27 UTC] PHP Deprecated:  Function get_magic_quotes_gpc() is deprecated in /Users/sachin/wardtwenty_four/wp-includes/formatting.php on line 4387
[25-Aug-2026 17:20:27 UTC] PHP Deprecated:  Function get_magic_quotes_gpc() is deprecated in /Users/sachin/wardtwenty_four/wp-includes/formatting.php on line 4387
[25-Aug-2026 17:20:27 UTC] PHP Deprecated:  Function get_magic_quotes_gpc() is deprecated in /Users/sachin/wardtwenty_four/wp-includes/formatting.php on line 4387
[25-Aug-2026 17:20:27 UTC] PHP Deprecated:  Function get_magic_quotes_gpc() is deprecated in /Users/sachin/wardtwenty_four/wp-includes/formatting.php on line 4387
[25-Aug-2026 17:20:27 UTC] PHP Deprecated:  Function get_magic_quotes_gpc() is deprecated in /Users/sachin/wardtwenty_four/wp-includes/formatting.php on line 4387
[25-Aug-2026 17:20:27 UTC] PHP Deprecated:  Function get_magic_quotes_gpc() is deprecated in /Users/sachin/wardtwenty_four/wp-includes/formatting.php on line 4387
[25-Aug-2026 17:20:27 UTC] PHP Deprecated:  Function get_magic_quotes_gpc() is deprecated in /Users/sachin/wardtwenty_four/wp-includes/formatting.php on line 4387
[25-Aug-2026 17:20:27 UTC] PHP Deprecated:  Function get_magic_quotes_gpc() is deprecated in /Users/sachin/wardtwenty_four/wp-includes/formatting.php on line 4387
[25-Aug-2026 17:20:27 UTC] PHP Deprecated:  Function get_magic_quotes_gpc() is deprecated in /Users/sachin/wardtwenty_four/wp-includes/formatting.php on line 4387
[25-Aug-2026 17:20:27 UTC] PHP Deprecated:  Function get_magic_quotes_gpc() is deprecated in /Users/sachin/wardtwenty_four/wp-includes/formatting.php on line 4387
[25-Aug-2026 17:20:27 UTC] PHP Deprecated:  Function get_magic_quotes_gpc() is deprecated in /Users/sachin/wardtwenty_four/wp-includes/formatting.php on line 4387
[25-Aug-2026 17:20:27 UTC] PHP Deprecated:  Function get_magic_quotes_gpc() is deprecated in /Users/sachin/wardtwenty_four/wp-includes/formatting.php on line 4387
[25-Aug-2026 17:20:27 UTC] PHP Deprecated:  Function get_magic_quotes_gpc() is deprecated in /Users/sachin/wardtwenty_four/wp-includes/formatting.php on line 4387
[25-Aug-2026 17:20:27 UTC] PHP Deprecated:  Function get_magic_quotes_gpc() is deprecated in /Users/sachin/wardtwenty_four/wp-includes/formatting.php on line 4387
[25-Aug-2026 17:20:27 UTC] PHP Deprecated:  Function get_magic_quotes_gpc() is deprecated in /Users/sachin/wardtwenty_four/wp-includes/formatting.php on line 4387
[25-Aug-2026 17:20:27 UTC] PHP Deprecated:  Function get_magic_quotes_gpc() is deprecated in /Users/sachin/wardtwenty_four/wp-includes/formatting.php on line 4387
[25-Aug-2026 17:20:27 UTC] PHP Deprecated:  Function get_magic_quotes_gpc() is deprecated in /Users/sachin/wardtwenty_four/wp-includes/formatting.php on line 4387
[25-Aug-2026 17:20:27 UTC] PHP Deprecated:  Function get_magic_quotes_gpc() is deprecated in /Users/sachin/wardtwenty_four/wp-includes/formatting.php on line 4387
[25-Aug-2026 17:20:27 UTC] PHP Deprecated:  Function get_magic_quotes_gpc() is deprecated in /Users/sachin/wardtwenty_four/wp-includes/formatting.php on line 4387
[25-Aug-2026 17:20:27 UTC] PHP Deprecated:  Function get_magic_quotes_gpc() is deprecated in /Users/sachin/wardtwenty_four/wp-includes/formatting.php on line 4387
[25-Aug-2026 17:20:27 UTC] PHP Deprecated:  Function get_magic_quotes_gpc() is deprecated in /Users/sachin/wardtwenty_four/wp-includes/formatting.php on line 4387
[25-Aug-2026 17:20:27 UTC] PHP Deprecated:  Function get_magic_quotes_gpc() is deprecated in /Users/sachin/wardtwenty_four/wp-includes/formatting.php on line 4387
[25-Aug-2026 17:20:27 UTC] PHP Deprecated:  Function get_magic_quotes_gpc() is deprecated in /Users/sachin/wardtwenty_four/wp-includes/formatting.php on line 4387
[25-Aug-2026 17:20:27 UTC] PHP Deprecated:  Function get_magic_quotes_gpc() is deprecated in /Users/sachin/wardtwenty_four/wp-includes/formatting.php on line 4387
[25-Aug-2026 17:20:27 UTC] PHP Deprecated:  Function get_magic_quotes_gpc() is deprecated in /Users/sachin/wardtwenty_four/wp-includes/formatting.php on line 4387
[25-Aug-2026 17:20:27 UTC] PHP Deprecated:  Function get_magic_quotes_gpc() is deprecated in /Users/sachin/wardtwenty_four/wp-includes/formatting.php on line 4387
[25-Aug-2026 17:20:27 UTC] PHP Deprecated:  Function get_magic_quotes_gpc() is deprecated in /Users/sachin/wardtwenty_four/wp-includes/formatting.php on line 4387
[25-Aug-2026 17:20:27 UTC] PHP Deprecated:  Function get_magic_quotes_gpc() is deprecated in /Users/sachin/wardtwenty_four/wp-includes/formatting.php on line 4387
[25-Aug-2026 17:20:27 UTC] PHP Deprecated:  Function get_magic_quotes_gpc() is deprecated in /Users/sachin/wardtwenty_four/wp-includes/formatting.php on line 4387
[25-Aug-2026 17:20:27 UTC] PHP Deprecated:  Function get_magic_quotes_gpc() is deprecated in /Users/sachin/wardtwenty_four/wp-includes/formatting.php on line 4387
[25-Aug-2026 17:20:27 UTC] PHP Deprecated:  Function get_magic_quotes_gpc() is deprecated in /Users/sachin/wardtwenty_four/wp-includes/formatting.php on line 4387
[25-Aug-2026 17:20:27 UTC] PHP Deprecated:  Function get_magic_quotes_gpc() is deprecated in /Users/sachin/wardtwenty_four/wp-includes/formatting.php on line 4387
[25-Aug-2026 17:20:27 UTC] PHP Deprecated:  Function get_magic_quotes_gpc() is deprecated in /Users/sachin/wardtwenty_four/wp-includes/formatting.php on line 4387
[25-Aug-2026 17:20:27 UTC] PHP Deprecated:  Function get_magic_quotes_gpc() is deprecated in /Users/sachin/wardtwenty_four/wp-includes/formatting.php on line 4387
[25-Aug-2026 17:20:27 UTC] PHP Deprecated:  Function get_magic_quotes_gpc() is deprecated in /Users/sachin/wardtwenty_four/wp-includes/formatting.php on line 4387
[25-Aug-2026 17:20:27 UTC] PHP Deprecated:  Function get_magic_quotes_gpc() is deprecated in /Users/sachin/wardtwenty_four/wp-includes/formatting.php on line 4387
[25-Aug-2026 17:20:27 UTC] PHP Deprecated:  Function get_magic_quotes_gpc() is deprecated in /Users/sachin/wardtwenty_four/wp-includes/formatting.php on line 4387
[25-Aug-2026 17:20:27 UTC] PHP Deprecated:  Function get_magic_quotes_gpc() is deprecated in /Users/sachin/wardtwenty_four/wp-includes/formatting.php on line 2448
[25-Aug-2026 17:20:27 UTC] PHP Deprecated:  Function get_magic_quotes_gpc() is deprecated in /Users/sachin/wardtwenty_four/wp-includes/formatting.php on line 4387
[25-Aug-2026 17:20:27 UTC] PHP Deprecated:  Function get_magic_quotes_gpc() is deprecated in /Users/sachin/wardtwenty_four/wp-includes/formatting.php on line 4387
[25-Aug-2026 17:20:27 UTC] PHP Deprecated:  Function get_magic_quotes_gpc() is deprecated in /Users/sachin/wardtwenty_four/wp-includes/formatting.php on line 4387
[25-Aug-2026 17:20:27 UTC] PHP Deprecated:  Function get_magic_quotes_gpc() is deprecated in /Users/sachin/wardtwenty_four/wp-includes/formatting.php on line 4387
[25-Aug-2026 17:20:27 UTC] PHP Deprecated:  Function get_magic_quotes_gpc() is deprecated in /Users/sachin/wardtwenty_four/wp-includes/formatting.php on line 4387
[25-Aug-2026 17:20:27 UTC] PHP Deprecated:  Function get_magic_quotes_gpc() is deprecated in /Users/sachin/wardtwenty_four/wp-includes/formatting.php on line 4387
[25-Aug-2026 17:20:27 UTC] PHP Deprecated:  Function get_magic_quotes_gpc() is deprecated in /Users/sachin/wardtwenty_four/wp-includes/formatting.php on line 4387
[25-Aug-2026 17:20:27 UTC] PHP Deprecated:  Function get_magic_quotes_gpc() is deprecated in /Users/sachin/wardtwenty_four/wp-includes/formatting.php on line 4387
[25-Aug-2026 17:20:27 UTC] PHP Deprecated:  Function get_magic_quotes_gpc() is deprecated in /Users/sachin/wardtwenty_four/wp-includes/formatting.php on line 4387
[25-Aug-2026 17:20:27 UTC] PHP Deprecated:  Function get_magic_quotes_gpc() is deprecated in /Users/sachin/wardtwenty_four/wp-includes/formatting.php on line 4387
[25-Aug-2026 17:20:27 UTC] PHP Deprecated:  Function get_magic_quotes_gpc() is deprecated in /Users/sachin/wardtwenty_four/wp-includes/formatting.php on line 4387
[25-Aug-2026 17:20:27 UTC] PHP Deprecated:  Function get_magic_quotes_gpc() is deprecated in /Users/sachin/wardtwenty_four/wp-includes/formatting.php on line 4387
[25-Aug-2026 17:20:27 UTC] PHP Deprecated:  Function get_magic_quotes_gpc() is deprecated in /Users/sachin/wardtwenty_four/wp-includes/formatting.php on line 4387
[25-Aug-2026 17:20:27 UTC] PHP Deprecated:  Function get_magic_quotes_gpc() is deprecated in /Users/sachin/wardtwenty_four/wp-includes/formatting.php on line 4387
[25-Aug-2026 17:20:27 UTC] PHP Deprecated:  Function get_magic_quotes_gpc() is deprecated in /Users/sachin/wardtwenty_four/wp-includes/formatting.php on line 4387
[25-Aug-2026 17:20:27 UTC] PHP Deprecated:  Function get_magic_quotes_gpc() is deprecated in /Users/sachin/wardtwenty_four/wp-includes/formatting.php on line 4387
[25-Aug-2026 17:20:27 UTC] PHP Deprecated:  Function get_magic_quotes_gpc() is deprecated in /Users/sachin/wardtwenty_four/wp-includes/formatting.php on line 4387
[25-Aug-2026 17:20:27 UTC] PHP Notice:  Trying to access array offset on value of type bool in /Users/sachin/wardtwenty_four/wp-admin/includes/update.php on line 608
[25-Aug-2026 17:20:27 UTC] PHP Deprecated:  Function get_magic_quotes_gpc() is deprecated in /Users/sachin/wardtwenty_four/wp-includes/formatting.php on line 4387
[25-Aug-2026 17:20:27 UTC] PHP Deprecated:  Function get_magic_quotes_gpc() is deprecated in /Users/sachin/wardtwenty_four/wp-includes/formatting.php on line 4387
[25-Aug-2026 17:20:27 UTC] PHP Deprecated:  Function get_magic_quotes_gpc() is deprecated in /Users/sachin/wardtwenty_four/wp-includes/formatting.php on line 4387
[25-Aug-2026 17:20:27 UTC] PHP Deprecated:  Function get_magic_quotes_gpc() is deprecated in /Users/sachin/wardtwenty_four/wp-includes/formatting.php on line 4387
[25-Aug-2026 17:20:27 UTC] PHP Deprecated:  Function get_magic_quotes_gpc() is deprecated in /Users/sachin/wardtwenty_four/wp-includes/formatting.php on line 4387
[25-Aug-2026 17:20:27 UTC] PHP Deprecated:  Function get_magic_quotes_gpc() is deprecated in /Users/sachin/wardtwenty_four/wp-includes/formatting.php on line 4387
[25-Aug-2026 17:20:27 UTC] PHP Deprecated:  Function get_magic_quotes_gpc() is deprecated in /Users/sachin/wardtwenty_four/wp-includes/formatting.php on line 4387
[25-Aug-2026 17:20:27 UTC] PHP Deprecated:  Function get_magic_quotes_gpc() is deprecated in /Users/sachin/wardtwenty_four/wp-includes/formatting.php on line 4387
[25-Aug-2026 17:20:27 UTC] PHP Deprecated:  Function get_magic_quotes_gpc() is deprecated in /Users/sachin/wardtwenty_four/wp-includes/formatting.php on line 4387
[25-Aug-2026 17:20:27 UTC] PHP Deprecated:  Function get_magic_quotes_gpc() is deprecated in /Users/sachin/wardtwenty_four/wp-includes/formatting.php on line 4387
[25-Aug-2026 17:20:27 UTC] PHP Deprecated:  Function get_magic_quotes_gpc() is deprecated in /Users/sachin/wardtwenty_four/wp-includes/formatting.php on line 4387
[25-Aug-2026 17:20:27 UTC] PHP Deprecated:  Function get_magic_quotes_gpc() is deprecated in /Users/sachin/wardtwenty_four/wp-includes/formatting.php on line 4387
[25-Aug-2026 17:20:27 UTC] PHP Deprecated:  Function get_magic_quotes_gpc() is deprecated in /Users/sachin/wardtwenty_four/wp-includes/formatting.php on line 4387
[25-Aug-2026 17:20:27 UTC] PHP Deprecated:  Function get_magic_quotes_gpc() is deprecated in /Users/sachin/wardtwenty_four/wp-includes/formatting.php on line 4387
[25-Aug-2026 17:20:27 UTC] PHP Deprecated:  Function get_magic_quotes_gpc() is deprecated in /Users/sachin/wardtwenty_four/wp-includes/formatting.php on line 4387
[25-Aug-2026 17:20:27 UTC] PHP Deprecated:  Function get_magic_quotes_gpc() is deprecated in /Users/sachin/wardtwenty_four/wp-includes/formatting.php on line 4387
[25-Aug-2026 17:20:27 UTC] PHP Deprecated:  Function get_magic_quotes_gpc() is deprecated in /Users/sachin/wardtwenty_four/wp-includes/formatting.php on line 4387
[25-Aug-2026 17:20:27 UTC] PHP Deprecated:  Function get_magic_quotes_gpc() is deprecated in /Users/sachin/wardtwenty_four/wp-includes/formatting.php on line 4387
[25-Aug-2026 17:20:27 UTC] PHP Deprecated:  Function get_magic_quotes_gpc() is deprecated in /Users/sachin/wardtwenty_four/wp-includes/formatting.php on line 4387
[25-Aug-2026 17:20:27 UTC] PHP Deprecated:  Function get_magic_quotes_gpc() is deprecated in /Users/sachin/wardtwenty_four/wp-includes/formatting.php on line 4387
[25-Aug-2026 17:20:27 UTC] PHP Deprecated:  Function get_magic_quotes_gpc() is deprecated in /Users/sachin/wardtwenty_four/wp-includes/formatting.php on line 4387
[25-Aug-2026 17:20:37 UTC] PHP Deprecated:  Function get_magic_quotes_gpc() is deprecated in /Users/sachin/wardtwenty_four/wp-includes/load.php on line 651
[25-Aug-2026 17:20:37 UTC] PHP Notice:  Trying to access array offset on value of type bool in /Users/sachin/wardtwenty_four/wp-includes/theme.php on line 2241
[25-Aug-2026 17:20:37 UTC] PHP Deprecated:  Function get_magic_quotes_gpc() is deprecated in /Users/sachin/wardtwenty_four/wp-includes/formatting.php on line 4387
[25-Aug-2026 17:20:37 UTC] PHP Deprecated:  Function get_magic_quotes_gpc() is deprecated in /Users/sachin/wardtwenty_four/wp-includes/formatting.php on line 4387
